[{"model": "ludorecherche.designer", "pk": 1, "fields": {"name": "Reiner Knizia"}}, {"model": "ludorecherche.designer", "pk": 2, "fields": {"name": "Darwin Kastle"}}, {"model": "ludorecherche.designer", "pk": 3, "fields": {"name": "Robert Dougherty"}}, {"model": "ludorecherche.designer", "pk": 4, "fields": {"name": "Holger Bösch"}}, {"model": "ludorecherche.designer", "pk": 5, "fields": {"name": "Nicolas Smeers"}}, {"model": "ludorecherche.designer", "pk": 6, "fields": {"name": "Masao Suganuma"}}, {"model": "ludorecherche.designer", "pk": 7, "fields": {"name": "Mike Selinker"}}, {"model": "ludorecherche.designer", "pk": 8, "fields": {"name": "Chad Brown"}}, {"model": "ludorecherche.designer", "pk": 9, "fields": {"name": "Keith Richmond"}}, {"model": "ludorecherche.designer", "pk": 10, "fields": {"name": "Aviva Schecterson"}}, {"model": "ludorecherche.designer", "pk": 11, "fields": {"name": "Liz Spain"}}, {"model": "ludorecherche.designer", "pk": 12, "fields": {"name": "Paul Peterson"}}, {"model": "ludorecherche.designer", "pk": 13, "fields": {"name": "Tanis O'Conor"}}, {"model": "ludorecherche.designer", "pk": 14, "fields": {"name": "Jean-François Gauthier"}}, {"model": "ludorecherche.designer", "pk": 15, "fields": {"name": "Michael Boggs"}}, {"model": "ludorecherche.designer", "pk": 16, "fields": {"name": "Nate French"}}, {"model": "ludorecherche.designer", "pk": 17, "fields": {"name": "Caleb Grace"}}, {"model": "ludorecherche.designer", "pk": 18, "fields": {"name": "Devin Low"}}, {"model": "ludorecherche.designer", "pk": 19, "fields": {"name": "Christopher Badell"}}, {"model": "ludorecherche.designer", "pk": 20, "fields": {"name": "Paul Bender"}}, {"model": "ludorecherche.designer", "pk": 21, "fields": {"name": "Adam Rebottaro"}}, {"model": "ludorecherche.designer", "pk": 22, "fields": {"name": "Alex Franklin"}}, {"model": "ludorecherche.designer", "pk": 23, "fields": {"name": "Bryan Graham"}}, {"model": "ludorecherche.designer", "pk": 24, "fields": {"name": "Richard Launius"}}, {"model": "ludorecherche.designer", "pk": 25, "fields": {"name": "John Goodenough"}}, {"model": "ludorecherche.designer", "pk": 26, "fields": {"name": "Jeff Tidball"}}, {"model": "ludorecherche.designer", "pk": 27, "fields": {"name": "Jamey Stegmaier"}}, {"model": "ludorecherche.designer", "pk": 28, "fields": {"name": "Future Pastimes"}}, {"model": "ludorecherche.designer", "pk": 29, "fields": {"name": "Dominique Ehrhard"}}, {"model": "ludorecherche.designer", "pk": 30, "fields": {"name": "Colby Dauch"}}, {"model": "ludorecherche.designer", "pk": 31, "fields": {"name": "J.Arthur Ellis"}}, {"model": "ludorecherche.designer", "pk": 32, "fields": {"name": "Andrea Mezzotero"}}, {"model": "ludorecherche.designer", "pk": 33, "fields": {"name": "Corey Konieczka"}}, {"model": "ludorecherche.designer", "pk": 34, "fields": {"name": "Greg Stafford"}}, {"model": "ludorecherche.designer", "pk": 35, "fields": {"name": "Isaac Childres"}}, {"model": "ludorecherche.designer", "pk": 36, "fields": {"name": "Gerhard Hecht"}}, {"model": "ludorecherche.designer", "pk": 37, "fields": {"name": "Justin Kemppainen"}}, {"model": "ludorecherche.designer", "pk": 38, "fields": {"name": "Adam Sadler"}}, {"model": "ludorecherche.designer", "pk": 39, "fields": {"name": "Brady Sadler"}}, {"model": "ludorecherche.designer", "pk": 40, "fields": {"name": "Bill Slavicsek"}}, {"model": "ludorecherche.designer", "pk": 41, "fields": {"name": "Mike Mearls"}}, {"model": "ludorecherche.designer", "pk": 42, "fields": {"name": "Peter Lee"}}, {"model": "ludorecherche.designer", "pk": 43, "fields": {"name": "Kevin G. Nunn"}}, {"model": "ludorecherche.designer", "pk": 44, "fields": {"name": "Luther Bell Hendricks V"}}, {"model": "ludorecherche.designer", "pk": 45, "fields": {"name": "Frédérick Condette"}}, {"model": "ludorecherche.designer", "pk": 46, "fields": {"name": "Kevin Wilson"}}, {"model": "ludorecherche.designer", "pk": 47, "fields": {"name": "Robert A. Kouba"}}, {"model": "ludorecherche.designer", "pk": 48, "fields": {"name": "Michal Oracz"}}, {"model": "ludorecherche.designer", "pk": 49, "fields": {"name": "Martin Wallace"}}, {"model": "ludorecherche.designer", "pk": 50, "fields": {"name": "Darrell Hardy"}}, {"model": "ludorecherche.designer", "pk": 51, "fields": {"name": "Robert Harris"}}, {"model": "ludorecherche.designer", "pk": 52, "fields": {"name": "Bruno Cathala"}}, {"model": "ludorecherche.designer", "pk": 53, "fields": {"name": "Antoine Bauza"}}, {"model": "ludorecherche.designer", "pk": 54, "fields": {"name": "Eric M. Lang"}}, {"model": "ludorecherche.designer", "pk": 55, "fields": {"name": "Prospero Hall"}}, {"model": "ludorecherche.designer", "pk": 56, "fields": {"name": "Claude Lucchini"}}, {"model": "ludorecherche.designer", "pk": 57, "fields": {"name": "Jesse Li"}}, {"model": "ludorecherche.designer", "pk": 58, "fields": {"name": "Mark Latham"}}, {"model": "ludorecherche.designer", "pk": 59, "fields": {"name": "Gustavo Adolfo Cuadrado"}}, {"model": "ludorecherche.designer", "pk": 60, "fields": {"name": "Paul J. Gruen"}}, {"model": "ludorecherche.designer", "pk": 61, "fields": {"name": "Bruno Faidutti"}}, {"model": "ludorecherche.designer", "pk": 62, "fields": {"name": "Albert Lamorisse"}}, {"model": "ludorecherche.designer", "pk": 63, "fields": {"name": "Michael I. Levin"}}, {"model": "ludorecherche.designer", "pk": 64, "fields": {"name": "Bill Markham"}}, {"model": "ludorecherche.designer", "pk": 65, "fields": {"name": "Reuben Klamer"}}, {"model": "ludorecherche.designer", "pk": 66, "fields": {"name": "Nicolas Bonnefoy"}}, {"model": "ludorecherche.designer", "pk": 67, "fields": {"name": "Arnaud Ladagnous"}}, {"model": "ludorecherche.designer", "pk": 68, "fields": {"name": "Fabrice Mazza"}}, {"model": "ludorecherche.designer", "pk": 69, "fields": {"name": "Sébastien Pauchon"}}, {"model": "ludorecherche.designer", "pk": 70, "fields": {"name": "Billy Stevenson"}}, {"model": "ludorecherche.designer", "pk": 71, "fields": {"name": "Thomas Cauët"}}, {"model": "ludorecherche.designer", "pk": 72, "fields": {"name": "Arch Stanton"}}, {"model": "ludorecherche.designer", "pk": 73, "fields": {"name": "Lewis Cheshire"}}, {"model": "ludorecherche.designer", "pk": 74, "fields": {"name": "Cyril Demaegd"}}, {"model": "ludorecherche.designer", "pk": 75, "fields": {"name": "Jeff Bazarko"}}, {"model": "ludorecherche.designer", "pk": 76, "fields": {"name": "Mordecai Meirowitz"}}, {"model": "ludorecherche.designer", "pk": 77, "fields": {"name": "Scott Abbot"}}, {"model": "ludorecherche.designer", "pk": 78, "fields": {"name": "Chris Haney"}}, {"model": "ludorecherche.designer", "pk": 79, "fields": {"name": "Vlaada Chvátil"}}, {"model": "ludorecherche.designer", "pk": 80, "fields": {"name": "Klaus-Jürgen Wrede"}}, {"model": "ludorecherche.designer", "pk": 81, "fields": {"name": "Julien Prothière"}}, {"model": "ludorecherche.designer", "pk": 82, "fields": {"name": "Florent Toscano"}}, {"model": "ludorecherche.designer", "pk": 83, "fields": {"name": "Frédéric Vuagnat"}}, {"model": "ludorecherche.designer", "pk": 84, "fields": {"name": "Matt Leacock"}}, {"model": "ludorecherche.designer", "pk": 85, "fields": {"name": "Dávid Turczi"}}, {"model": "ludorecherche.designer", "pk": 86, "fields": {"name": "Vangelis Bagiartakis"}}, {"model": "ludorecherche.designer", "pk": 87, "fields": {"name": "David Franck"}}, {"model": "ludorecherche.designer", "pk": 88, "fields": {"name": "Laurent Escoffier"}}, {"model": "ludorecherche.designer", "pk": 89, "fields": {"name": "Rüdiger Dorn"}}, {"model": "ludorecherche.designer", "pk": 90, "fields": {"name": "Daryl Andrews"}}, {"model": "ludorecherche.designer", "pk": 91, "fields": {"name": "Adrian Adamescu"}}, {"model": "ludorecherche.designer", "pk": 92, "fields": {"name": "Francis Pacherie"}}, {"model": "ludorecherche.designer", "pk": 93, "fields": {"name": "Richard Garfield"}}, {"model": "ludorecherche.designer", "pk": 94, "fields": {"name": "Ken Gruhl"}}, {"model": "ludorecherche.designer", "pk": 95, "fields": {"name": "Jonathan Algaze"}}, {"model": "ludorecherche.designer", "pk": 96, "fields": {"name": "Nick Hayes"}}, {"model": "ludorecherche.designer", "pk": 97, "fields": {"name": "Malcolm Braff"}}, {"model": "ludorecherche.designer", "pk": 98, "fields": {"name": "Kami Mandell"}}, {"model": "ludorecherche.designer", "pk": 99, "fields": {"name": "Nate Heiss"}}, {"model": "ludorecherche.designer", "pk": 100, "fields": {"name": "Andrew Wolf"}}, {"model": "ludorecherche.designer", "pk": 101, "fields": {"name": "Patrick Marino"}}, {"model": "ludorecherche.designer", "pk": 102, "fields": {"name": "Tim Pinder"}}, {"model": "ludorecherche.designer", "pk": 103, "fields": {"name": "Chuck D. Yager"}}, {"model": "ludorecherche.designer", "pk": 104, "fields": {"name": "Oleksandr Nevskiy"}}, {"model": "ludorecherche.designer", "pk": 105, "fields": {"name": "Oleg Sidorenko"}}, {"model": "ludorecherche.designer", "pk": 106, "fields": {"name": "Manuel Rozoy"}}, {"model": "ludorecherche.designer", "pk": 107, "fields": {"name": "Peggy Chassenet"}}, {"model": "ludorecherche.designer", "pk": 108, "fields": {"name": "Przemyslaw Rymer"}}, {"model": "ludorecherche.designer", "pk": 109, "fields": {"name": "Jakub Lapot"}}, {"model": "ludorecherche.designer", "pk": 110, "fields": {"name": "Ignacy Trzewiczek"}}, {"model": "ludorecherche.designer", "pk": 111, "fields": {"name": "Jérôme Ropert"}}, {"model": "ludorecherche.designer", "pk": 112, "fields": {"name": "Gary Grady"}}, {"model": "ludorecherche.designer", "pk": 113, "fields": {"name": "Suzanne Goldberg"}}, {"model": "ludorecherche.designer", "pk": 116, "fields": {"name": "Klaus Teuber"}}, {"model": "ludorecherche.designer", "pk": 117, "fields": {"name": "Wolfgang Kramer"}}, {"model": "ludorecherche.designer", "pk": 118, "fields": {"name": "Elizabeth Hargrave"}}, {"model": "ludorecherche.tag", "pk": 35, "fields": {"name": "Classique"}}, {"model": "ludorecherche.mechanism", "pk": 21, "fields": {"name": "Construction"}}, {"model": "ludorecherche.mechanism", "pk": 22, "fields": {"name": "Gestion de ressource"}}, {"model": "ludorecherche.mechanism", "pk": 23, "fields": {"name": "Exploration de donjon"}}, {"model": "ludorecherche.mechanism", "pk": 24, "fields": {"name": "Jeu à campagne"}}, {"model": "ludorecherche.mechanism", "pk": 25, "fields": {"name": "Jeu de rôle"}}, {"model": "ludorecherche.mechanism", "pk": 26, "fields": {"name": "Deck-building"}}, {"model": "ludorecherche.mechanism", "pk": 27, "fields": {"name": "Tower-defense"}}, {"model": "ludorecherche.mechanism", "pk": 28, "fields": {"name": "Joueur Asynchrone"}}, {"model": "ludorecherche.mechanism", "pk": 29, "fields": {"name": "Commerce"}}, {"model": "ludorecherche.mechanism", "pk": 30, "fields": {"name": "Escape Games"}}, {"model": "ludorecherche.mechanism", "pk": 31, "fields": {"name": "Jeu de lettres"}}, {"model": "ludorecherche.mechanism", "pk": 32, "fields": {"name": "Classique"}}, {"model": "ludorecherche.mechanism", "pk": 33, "fields": {"name": "Quizz"}}, {"model": "ludorecherche.mechanism", "pk": 34, "fields": {"name": "Indice"}}, {"model": "ludorecherche.mechanism", "pk": 35, "fields": {"name": "Frénétique"}}, {"model": "ludorecherche.mechanism", "pk": 36, "fields": {"name": "Dessin"}}, {"model": "ludorecherche.mechanism", "pk": 37, "fields": {"name": "Pose de tuile"}}, {"model": "ludorecherche.mechanism", "pk": 38, "fields": {"name": "Course"}}, {"model": "ludorecherche.mechanism", "pk": 39, "fields": {"name": "Pose d'Ouvrier"}}, {"model": "ludorecherche.topic", "pk": 1, "fields": {"name": "Andor"}}, {"model": "ludorecherche.topic", "pk": 2, "fields": {"name": "Casino"}}, {"model": "ludorecherche.topic", "pk": 3, "fields": {"name": "Diesel Punk"}}, {"model": "ludorecherche.topic", "pk": 4, "fields": {"name": "Disney"}}, {"model": "ludorecherche.topic", "pk": 5, "fields": {"name": "Donjons et Dragons"}}, {"model": "ludorecherche.topic", "pk": 6, "fields": {"name": "Dune"}}, {"model": "ludorecherche.topic", "pk": 7, "fields": {"name": "Époque Napoléonienne"}}, {"model": "ludorecherche.topic", "pk": 8, "fields": {"name": "Finance"}}, {"model": "ludorecherche.topic", "pk": 9, "fields": {"name": "Guerre"}}, {"model": "ludorecherche.topic", "pk": 10, "fields": {"name": "Espion"}}, {"model": "ludorecherche.topic", "pk": 11, "fields": {"name": "Harry Potter"}}, {"model": "ludorecherche.topic", "pk": 12, "fields": {"name": "Historique"}}, {"model": "ludorecherche.topic", "pk": 13, "fields": {"name": "Japon"}}, {"model": "ludorecherche.topic", "pk": 14, "fields": {"name": "Mafia"}}, {"model": "ludorecherche.topic", "pk": 15, "fields": {"name": "Marvel"}}, {"model": "ludorecherche.topic", "pk": 16, "fields": {"name": "Warhammer fantasy"}}, {"model": "ludorecherche.topic", "pk": 17, "fields": {"name": "Warhammer 40000"}}, {"model": "ludorecherche.topic", "pk": 18, "fields": {"name": "Voyage"}}, {"model": "ludorecherche.topic", "pk": 19, "fields": {"name": "Super Héros"}}, {"model": "ludorecherche.topic", "pk": 20, "fields": {"name": "Star Wars"}}, {"model": "ludorecherche.topic", "pk": 21, "fields": {"name": "Sorcier"}}, {"model": "ludorecherche.topic", "pk": 22, "fields": {"name": "Runebound"}}, {"model": "ludorecherche.topic", "pk": 23, "fields": {"name": "Science Fiction"}}, {"model": "ludorecherche.topic", "pk": 24, "fields": {"name": "Restaurant"}}, {"model": "ludorecherche.topic", "pk": 25, "fields": {"name": "Prehistoire"}}, {"model": "ludorecherche.topic", "pk": 26, "fields": {"name": "Post Apocalyptic"}}, {"model": "ludorecherche.topic", "pk": 27, "fields": {"name": "Pirate"}}, {"model": "ludorecherche.topic", "pk": 28, "fields": {"name": "Pathfinder"}}, {"model": "ludorecherche.topic", "pk": 30, "fields": {"name": "Mech Warfare"}}, {"model": "ludorecherche.topic", "pk": 31, "fields": {"name": "Médieval Fantastique"}}, {"model": "ludorecherche.topic", "pk": 33, "fields": {"name": "Spéléologie"}}, {"model": "ludorecherche.topic", "pk": 34, "fields": {"name": "Cthulhu"}}, {"model": "ludorecherche.topic", "pk": 35, "fields": {"name": "Fantôme"}}, {"model": "ludorecherche.topic", "pk": 36, "fields": {"name": "Police Temporelle"}}, {"model": "ludorecherche.topic", "pk": 37, "fields": {"name": "Enquête"}}, {"model": "ludorecherche.difficulty", "pk": 1, "fields": {"name": "Famille"}}, {"model": "ludorecherche.difficulty", "pk": 2, "fields": {"name": "vétéran"}}, {"model": "ludorecherche.difficulty", "pk": 3, "fields": {"name": "complexe"}}, {"model": "ludorecherche.artist", "pk": 1, "fields": {"name": "Bernard Skopnik"}}, {"model": "ludorecherche.artist", "pk": 2, "fields": {"name": "Randy Delven"}}, {"model": "ludorecherche.artist", "pk": 3, "fields": {"name": "Vito Guesualdi"}}, {"model": "ludorecherche.artist", "pk": 4, "fields": {"name": "Antonis Papantoniou"}}, {"model": "ludorecherche.artist", "pk": 5, "fields": {"name": "Francois Bruel"}}, {"model": "ludorecherche.artist", "pk": 6, "fields": {"name": "Guillaume Ducos"}}, {"model": "ludorecherche.artist", "pk": 7, "fields": {"name": "Giuseppe Severino"}}, {"model": "ludorecherche.artist", "pk": 8, "fields": {"name": "Arthur Bozonnet"}}, {"model": "ludorecherche.artist", "pk": 9, "fields": {"name": "Bertrand Daine"}}, {"model": "ludorecherche.artist", "pk": 10, "fields": {"name": "Arthur Loyen"}}, {"model": "ludorecherche.artist", "pk": 11, "fields": {"name": "Vianney Carvalho"}}, {"model": "ludorecherche.artist", "pk": 12, "fields": {"name": "Amandine Bastin"}}, {"model": "ludorecherche.artist", "pk": 13, "fields": {"name": "Noboru Hotta"}}, {"model": "ludorecherche.artist", "pk": 14, "fields": {"name": "Daryl Mandryk"}}, {"model": "ludorecherche.artist", "pk": 15, "fields": {"name": "Wayne Reynolds"}}, {"model": "ludorecherche.artist", "pk": 16, "fields": {"name": "Noah Bradley"}}, {"model": "ludorecherche.artist", "pk": 17, "fields": {"name": "Vincent Dutrait"}}, {"model": "ludorecherche.artist", "pk": 18, "fields": {"name": "Tyler Jacobson"}}, {"model": "ludorecherche.artist", "pk": 19, "fields": {"name": "Setiawan Lie"}}, {"model": "ludorecherche.artist", "pk": 20, "fields": {"name": "Jean-François Gauthier"}}, {"model": "ludorecherche.artist", "pk": 21, "fields": {"name": "Chris Beck"}}, {"model": "ludorecherche.artist", "pk": 22, "fields": {"name": "Evan Simonet"}}, {"model": "ludorecherche.artist", "pk": 23, "fields": {"name": "Krista Timberlake"}}, {"model": "ludorecherche.artist", "pk": 24, "fields": {"name": "Brian Bateman"}}, {"model": "ludorecherche.artist", "pk": 25, "fields": {"name": "Adam Rebottaro"}}, {"model": "ludorecherche.artist", "pk": 26, "fields": {"name": "Daarken"}}, {"model": "ludorecherche.artist", "pk": 27, "fields": {"name": "Tim AmeyO'Neil"}}, {"model": "ludorecherche.artist", "pk": 28, "fields": {"name": "Jakub Rozalski"}}, {"model": "ludorecherche.artist", "pk": 29, "fields": {"name": "Mick Uhl"}}, {"model": "ludorecherche.artist", "pk": 30, "fields": {"name": "Jean Baher"}}, {"model": "ludorecherche.artist", "pk": 31, "fields": {"name": "Dominique Ehrhard"}}, {"model": "ludorecherche.artist", "pk": 32, "fields": {"name": "Martin Abel"}}, {"model": "ludorecherche.artist", "pk": 34, "fields": {"name": "Mio Del Rosario"}}, {"model": "ludorecherche.artist", "pk": 35, "fields": {"name": "Moy Shin Hung"}}, {"model": "ludorecherche.artist", "pk": 36, "fields": {"name": "Steve Swenston"}}, {"model": "ludorecherche.artist", "pk": 37, "fields": {"name": "Alexandr Elichev"}}, {"model": "ludorecherche.artist", "pk": 38, "fields": {"name": "Alvaro Nebot"}}, {"model": "ludorecherche.artist", "pk": 39, "fields": {"name": "Josh T. McDowell"}}, {"model": "ludorecherche.artist", "pk": 40, "fields": {"name": "Michael Menzel"}}, {"model": "ludorecherche.artist", "pk": 41, "fields": {"name": "Diego Gisbert Llorens"}}, {"model": "ludorecherche.artist", "pk": 42, "fields": {"name": "Jesper Ejsing"}}, {"model": "ludorecherche.artist", "pk": 43, "fields": {"name": "Hub"}}, {"model": "ludorecherche.artist", "pk": 44, "fields": {"name": "John Goodenough"}}, {"model": "ludorecherche.artist", "pk": 45, "fields": {"name": "Frank Walls"}}, {"model": "ludorecherche.artist", "pk": 46, "fields": {"name": "Rafal Hrynkiewicz"}}, {"model": "ludorecherche.artist", "pk": 47, "fields": {"name": "Piotr Foksowicz"}}, {"model": "ludorecherche.artist", "pk": 48, "fields": {"name": "Mateusz Bielski"}}, {"model": "ludorecherche.artist", "pk": 49, "fields": {"name": "Piotr Cieslinski"}}, {"model": "ludorecherche.artist", "pk": 50, "fields": {"name": "Andy Brase"}}, {"model": "ludorecherche.artist", "pk": 51, "fields": {"name": "Massimiliano Bertolini"}}, {"model": "ludorecherche.artist", "pk": 52, "fields": {"name": "Marjorie Davis"}}, {"model": "ludorecherche.artist", "pk": 53, "fields": {"name": "Ralph Horsley"}}, {"model": "ludorecherche.artist", "pk": 54, "fields": {"name": "Miguel Coimbra"}}, {"model": "ludorecherche.artist", "pk": 55, "fields": {"name": "Richard Wright"}}, {"model": "ludorecherche.artist", "pk": 56, "fields": {"name": "Nicolas Fructus"}}, {"model": "ludorecherche.artist", "pk": 57, "fields": {"name": "Karl Kopinski"}}, {"model": "ludorecherche.artist", "pk": 58, "fields": {"name": "Paul Mafayon"}}, {"model": "ludorecherche.artist", "pk": 59, "fields": {"name": "Chih-Fan Chen"}}, {"model": "ludorecherche.artist", "pk": 60, "fields": {"name": "Gérard Mathieu"}}, {"model": "ludorecherche.artist", "pk": 61, "fields": {"name": "Delphine Ribeyre"}}, {"model": "ludorecherche.artist", "pk": 62, "fields": {"name": "Sergo"}}, {"model": "ludorecherche.artist", "pk": 63, "fields": {"name": "Pierre Santamaria"}}, {"model": "ludorecherche.artist", "pk": 64, "fields": {"name": "Florian de Gesincourt"}}, {"model": "ludorecherche.artist", "pk": 65, "fields": {"name": "Mahulda Jelly"}}, {"model": "ludorecherche.artist", "pk": 66, "fields": {"name": "Arnaud Demaegd"}}, {"model": "ludorecherche.artist", "pk": 67, "fields": {"name": "Legruth"}}, {"model": "ludorecherche.artist", "pk": 68, "fields": {"name": "Martin Mottet"}}, {"model": "ludorecherche.artist", "pk": 69, "fields": {"name": "Amélie Guinet"}}, {"model": "ludorecherche.artist", "pk": 70, "fields": {"name": "Tomas Kucerovsky"}}, {"model": "ludorecherche.artist", "pk": 71, "fields": {"name": "Stéphane Gantiez"}}, {"model": "ludorecherche.artist", "pk": 72, "fields": {"name": "Stéphane Escapa"}}, {"model": "ludorecherche.artist", "pk": 73, "fields": {"name": "Charlène Le Scanff"}}, {"model": "ludorecherche.artist", "pk": 74, "fields": {"name": "Tyler Edlin"}}, {"model": "ludorecherche.artist", "pk": 75, "fields": {"name": "C. B. Canga"}}, {"model": "ludorecherche.artist", "pk": 76, "fields": {"name": "Natalia Kordowska"}}, {"model": "ludorecherche.artist", "pk": 77, "fields": {"name": "Bartlomiej Kordowski"}}, {"model": "ludorecherche.artist", "pk": 78, "fields": {"name": "Cyril Bouquet"}}, {"model": "ludorecherche.artist", "pk": 79, "fields": {"name": "Harald Lieske"}}, {"model": "ludorecherche.artist", "pk": 80, "fields": {"name": "Mia Steingräber"}}, {"model": "ludorecherche.artist", "pk": 81, "fields": {"name": "Markus Schmuck"}}, {"model": "ludorecherche.artist", "pk": 82, "fields": {"name": "Peter Wocken"}}, {"model": "ludorecherche.artist", "pk": 83, "fields": {"name": "Emmanuel Roudier"}}, {"model": "ludorecherche.artist", "pk": 84, "fields": {"name": "Gabriel Butik"}}, {"model": "ludorecherche.artist", "pk": 85, "fields": {"name": "Romain Gaschet"}}, {"model": "ludorecherche.artist", "pk": 86, "fields": {"name": "Jonathan Silvestre"}}, {"model": "ludorecherche.artist", "pk": 87, "fields": {"name": "Mathieu Leyssenne"}}, {"model": "ludorecherche.artist", "pk": 88, "fields": {"name": "Ronan Le Maître"}}, {"model": "ludorecherche.artist", "pk": 89, "fields": {"name": "Irina Pechenkina"}}, {"model": "ludorecherche.artist", "pk": 90, "fields": {"name": "Jean-Baptiste Reynaud"}}, {"model": "ludorecherche.artist", "pk": 91, "fields": {"name": "Xavier Gueniffey Durin"}}, {"model": "ludorecherche.artist", "pk": 92, "fields": {"name": "Delaney Mamer"}}, {"model": "ludorecherche.artist", "pk": 93, "fields": {"name": "Joe Van Wetering"}}, {"model": "ludorecherche.artist", "pk": 94, "fields": {"name": "Kami Mandell"}}, {"model": "ludorecherche.artist", "pk": 95, "fields": {"name": "Zak Eidsvoog"}}, {"model": "ludorecherche.artist", "pk": 96, "fields": {"name": "Diana Franco Campos"}}, {"model": "ludorecherche.artist", "pk": 97, "fields": {"name": "Chris Quilliams"}}, {"model": "ludorecherche.artist", "pk": 98, "fields": {"name": "Paul Kluka"}}, {"model": "ludorecherche.artist", "pk": 99, "fields": {"name": "Atha Kanaani"}}, {"model": "ludorecherche.artist", "pk": 100, "fields": {"name": "Fred Jordan"}}, {"model": "ludorecherche.artist", "pk": 101, "fields": {"name": "Philippe Guérin"}}, {"model": "ludorecherche.artist", "pk": 102, "fields": {"name": "Igor Burlakov"}}, {"model": "ludorecherche.artist", "pk": 103, "fields": {"name": "Xavier Collette"}}, {"model": "ludorecherche.artist", "pk": 104, "fields": {"name": "Oleksandr Nevskiy"}}, {"model": "ludorecherche.artist", "pk": 105, "fields": {"name": "Oleg Sidorenko"}}, {"model": "ludorecherche.artist", "pk": 106, "fields": {"name": "Pascal Quidault"}}, {"model": "ludorecherche.artist", "pk": 107, "fields": {"name": "David Lecossu"}}, {"model": "ludorecherche.artist", "pk": 108, "fields": {"name": "Ben Carre"}}, {"model": "ludorecherche.artist", "pk": 109, "fields": {"name": "Rafal Szyma"}}, {"model": "ludorecherche.artist", "pk": 110, "fields": {"name": "Ewa Kostorz"}}, {"model": "ludorecherche.artist", "pk": 111, "fields": {"name": "Aga Jakimiec"}}, {"model": "ludorecherche.artist", "pk": 112, "fields": {"name": "Gary Grady"}}, {"model": "ludorecherche.artist", "pk": 113, "fields": {"name": "Bernard Bittler"}}, {"model": "ludorecherche.artist", "pk": 114, "fields": {"name": "Neriac"}}, {"model": "ludorecherche.artist", "pk": 124, "fields": {"name": "Volkan Baga"}}, {"model": "ludorecherche.artist", "pk": 125, "fields": {"name": "Tanja Donner"}}, {"model": "ludorecherche.artist", "pk": 126, "fields": {"name": "Pete Fenlon"}}, {"model": "ludorecherche.artist", "pk": 127, "fields": {"name": "Jason Hawkins"}}, {"model": "ludorecherche.artist", "pk": 128, "fields": {"name": "Michaela Kienle"}}, {"model": "ludorecherche.artist", "pk": 129, "fields": {"name": "Marion Pott"}}, {"model": "ludorecherche.artist", "pk": 130, "fields": {"name": "Matt Schwabel"}}, {"model": "ludorecherche.artist", "pk": 131, "fields": {"name": "Franz Vohwinkel"}}, {"model": "ludorecherche.artist", "pk": 132, "fields": {"name": "Stephen Graham Walsh"}}, {"model": "ludorecherche.artist", "pk": 133, "fields": {"name": "Timur Baskakov"}}, {"model": "ludorecherche.artist", "pk": 134, "fields": {"name": "Design Edge"}}, {"model": "ludorecherche.artist", "pk": 135, "fields": {"name": "Bill Herrin"}}, {"model": "ludorecherche.artist", "pk": 136, "fields": {"name": "Gatis Sluka"}}, {"model": "ludorecherche.artist", "pk": 137, "fields": {"name": "Studio Tapiro"}}, {"model": "ludorecherche.artist", "pk": 138, "fields": {"name": "Klaus Teuber"}}, {"model": "ludorecherche.artist", "pk": 139, "fields": {"name": "Ana Maria Martinez Jaramillo"}}, {"model": "ludorecherche.artist", "pk": 140, "fields": {"name": "Natalia Rojas"}}, {"model": "ludorecherche.artist", "pk": 141, "fields": {"name": "Beth Sobel"}}, {"model": "ludorecherche.publisher", "pk": 1, "fields": {"name": "Asmodée"}}, {"model": "ludorecherche.publisher", "pk": 2, "fields": {"name": "iello"}}, {"model": "ludorecherche.publisher", "pk": 3, "fields": {"name": "Azao Games"}}, {"model": "ludorecherche.publisher", "pk": 4, "fields": {"name": "White Wizard Games"}}, {"model": "ludorecherche.publisher", "pk": 5, "fields": {"name": "MGA"}}, {"model": "ludorecherche.publisher", "pk": 6, "fields": {"name": "Paizo"}}, {"model": "ludorecherche.publisher", "pk": 7, "fields": {"name": "Black Book"}}, {"model": "ludorecherche.publisher", "pk": 8, "fields": {"name": "Goblivion Games"}}, {"model": "ludorecherche.publisher", "pk": 9, "fields": {"name": "Paille Editions"}}, {"model": "ludorecherche.publisher", "pk": 10, "fields": {"name": "Ôz Edition"}}, {"model": "ludorecherche.publisher", "pk": 11, "fields": {"name": "Fantasy Flight Game"}}, {"model": "ludorecherche.publisher", "pk": 12, "fields": {"name": "Edge"}}, {"model": "ludorecherche.publisher", "pk": 13, "fields": {"name": "Living Card Game"}}, {"model": "ludorecherche.publisher", "pk": 14, "fields": {"name": "Upper Deck Entertainment"}}, {"model": "ludorecherche.publisher", "pk": 15, "fields": {"name": "Greater Than Games"}}, {"model": "ludorecherche.publisher", "pk": 16, "fields": {"name": "Stonemaier Games"}}, {"model": "ludorecherche.publisher", "pk": 17, "fields": {"name": "Matagot"}}, {"model": "ludorecherche.publisher", "pk": 18, "fields": {"name": "Descartes Éditeur"}}, {"model": "ludorecherche.publisher", "pk": 19, "fields": {"name": "Plaid Hat Games"}}, {"model": "ludorecherche.publisher", "pk": 20, "fields": {"name": "Oriflam"}}, {"model": "ludorecherche.publisher", "pk": 21, "fields": {"name": "kosmos"}}, {"model": "ludorecherche.publisher", "pk": 22, "fields": {"name": "Wizards Of The Coast"}}, {"model": "ludorecherche.publisher", "pk": 23, "fields": {"name": "The Red Joker"}}, {"model": "ludorecherche.publisher", "pk": 24, "fields": {"name": "Repos Production"}}, {"model": "ludorecherche.publisher", "pk": 25, "fields": {"name": "CMON Limited"}}, {"model": "ludorecherche.publisher", "pk": 26, "fields": {"name": "Ravensburger"}}, {"model": "ludorecherche.publisher", "pk": 27, "fields": {"name": "Libellud"}}, {"model": "ludorecherche.publisher", "pk": 28, "fields": {"name": "Pearl Games"}}, {"model": "ludorecherche.publisher", "pk": 29, "fields": {"name": "2Tomatoes Games"}}, {"model": "ludorecherche.publisher", "pk": 30, "fields": {"name": "Knight Models"}}, {"model": "ludorecherche.publisher", "pk": 31, "fields": {"name": "Parker"}}, {"model": "ludorecherche.publisher", "pk": 32, "fields": {"name": "MB"}}, {"model": "ludorecherche.publisher", "pk": 33, "fields": {"name": "Hachette"}}, {"model": "ludorecherche.publisher", "pk": 34, "fields": {"name": "Space Cowboys"}}, {"model": "ludorecherche.publisher", "pk": 35, "fields": {"name": "Mattel"}}, {"model": "ludorecherche.publisher", "pk": 36, "fields": {"name": "Hasbro"}}, {"model": "ludorecherche.publisher", "pk": 37, "fields": {"name": "filosofia"}}, {"model": "ludorecherche.publisher", "pk": 38, "fields": {"name": "Jeux Opla"}}, {"model": "ludorecherche.publisher", "pk": 39, "fields": {"name": "Superlude"}}, {"model": "ludorecherche.publisher", "pk": 40, "fields": {"name": "Cocktail Games"}}, {"model": "ludorecherche.publisher", "pk": 41, "fields": {"name": "Artipia Games"}}, {"model": "ludorecherche.publisher", "pk": 42, "fields": {"name": "Blue Orange"}}, {"model": "ludorecherche.publisher", "pk": 43, "fields": {"name": "Oya"}}, {"model": "ludorecherche.publisher", "pk": 44, "fields": {"name": "ThinkGeek.com"}}, {"model": "ludorecherche.publisher", "pk": 45, "fields": {"name": "Flood Gate Games"}}, {"model": "ludorecherche.publisher", "pk": 46, "fields": {"name": "Clash of Arms Games"}}, {"model": "ludorecherche.publisher", "pk": 47, "fields": {"name": "Gamewright"}}, {"model": "ludorecherche.publisher", "pk": 48, "fields": {"name": "Topi Games"}}, {"model": "ludorecherche.publisher", "pk": 49, "fields": {"name": "Funforge"}}, {"model": "ludorecherche.publisher", "pk": 50, "fields": {"name": "Game Works SARL"}}, {"model": "ludorecherche.publisher", "pk": 51, "fields": {"name": "The Op"}}, {"model": "ludorecherche.publisher", "pk": 52, "fields": {"name": "Inside the Box Board Games LLP (ITB)"}}, {"model": "ludorecherche.publisher", "pk": 53, "fields": {"name": "Z-Man Games"}}, {"model": "ludorecherche.publisher", "pk": 54, "fields": {"name": "Portal Games"}}, {"model": "ludorecherche.publisher", "pk": 55, "fields": {"name": "KOSMOS"}}, {"model": "ludorecherche.publisher", "pk": 56, "fields": {"name": "Mayfair Games"}}, {"model": "ludorecherche.publisher", "pk": 57, "fields": {"name": "Catan Studio"}}, {"model": "ludorecherche.playingmode", "pk": 1, "fields": {"name": "Individuel"}}, {"model": "ludorecherche.playingmode", "pk": 2, "fields": {"name": "Associatif"}}, {"model": "ludorecherche.playingmode", "pk": 3, "fields": {"name": "Coopératif"}}, {"model": "ludorecherche.playingmode", "pk": 4, "fields": {"name": "Compétitif"}}, {"model": "ludorecherche.playingmode", "pk": 5, "fields": {"name": "Semi-coopératif"}}, {"model": "ludorecherche.language", "pk": 1, "fields": {"name": "Français"}}, {"model": "ludorecherche.language", "pk": 2, "fields": {"name": "Anglais"}}, {"model": "ludorecherche.game", "pk": 7, "fields": {"name": "Minivilles", "english_name": "Minivilles", "player_min": 2, "player_max": 4, "playing_time": "30 min", "created_at": "2021-04-07T13:45:19.506Z", "difficulty": 1, "picture": "minivilles.png", "external_image": "", "thumb_image": "", "bgg_link": "https://boardgamegeek.com/boardgame/143884/machi-koro", "age": 7, "buying_price": null, "stock": 1, "max_time": 30, "by_player": false, "designers": [6], "artists": [13], "publishers": [1, 5], "playing_mode": [4], "language": [], "tag": [], "mechanism": [21, 22], "topic": []}}, {"model": "ludorecherche.game", "pk": 10, "fields": {"name": "Pathfinder le jeu de cartes: skull and shackles", "english_name": "Pathfinder le jeu de cartes: skull and shackles", "player_min": 1, "player_max": 4, "playing_time": "90 min", "created_at": "2021-04-08T11:42:18.320Z", "difficulty": 2, "picture": "pf_ljc_sands.jpg", "external_image": "", "thumb_image": "", "bgg_link": "https://boardgamegeek.com/image/2268287/pathfinder-adventure-card-game-skull-shackles-base", "age": 14, "buying_price": null, "stock": 1, "max_time": 90, "by_player": false, "designers": [7], "artists": [14], "publishers": [6, 7], "playing_mode": [1, 3], "language": [], "tag": [], "mechanism": [23, 24, 25, 28], "topic": [27, 28, 31]}}, {"model": "ludorecherche.game", "pk": 11, "fields": {"name": "Pathfinder le jeu de cartes: l'éveil des seigneurs des runes", "english_name": "Pathfinder le jeu de cartes: l'éveil des seigneurs des runes", "player_min": 1, "player_max": 4, "playing_time": "90 min", "created_at": "2021-04-08T12:10:42.256Z", "difficulty": 2, "picture": "pf_ljdc_edsdr.jpg", "external_image": "", "thumb_image": "", "bgg_link": "https://boardgamegeek.com/boardgame/133038/pathfinder-adventure-card-game-rise-runelords-base", "age": 14, "buying_price": null, "stock": 1, "max_time": 90, "by_player": false, "designers": [7], "artists": [16, 17], "publishers": [6, 7], "playing_mode": [1, 3], "language": [], "tag": [], "mechanism": [22, 23, 24, 25, 26, 28], "topic": [28, 31]}}, {"model": "ludorecherche.game", "pk": 13, "fields": {"name": "Pathfinder adventure card game: mummy's mask", "english_name": "Pathfinder adventure card game: mummy's mask", "player_min": 1, "player_max": 4, "playing_time": "90 min", "created_at": "2021-04-09T15:44:36.509Z", "difficulty": 2, "picture": "pfacgmm.jpg", "external_image": "", "thumb_image": "", "bgg_link": "https://boardgamegeek.com/boardgame/187687/pathfinder-adventure-card-game-mummys-mask-base-se", "age": 14, "buying_price": null, "stock": 1, "max_time": 90, "by_player": false, "designers": [7], "artists": [18], "publishers": [6], "playing_mode": [1, 3], "language": [], "tag": [], "mechanism": [23, 24, 25, 26, 28], "topic": [28, 31]}}, {"model": "ludorecherche.game", "pk": 14, "fields": {"name": "Pathfinder adventure card game: core set", "english_name": "Pathfinder adventure card game: core set", "player_min": 1, "player_max": 4, "playing_time": "90 min", "created_at": "2021-04-09T15:53:08.569Z", "difficulty": 2, "picture": "pfacgcs.jpg", "external_image": "", "thumb_image": "", "bgg_link": "https://boardgamegeek.com/boardgame/271060/pathfinder-adventure-card-game-core-set", "age": 13, "buying_price": null, "stock": 1, "max_time": 90, "by_player": false, "designers": [7, 8, 9, 10, 11], "artists": [19], "publishers": [6], "playing_mode": [1, 3], "language": [], "tag": [], "mechanism": [22, 23, 24, 25, 26, 28], "topic": [28, 31]}}, {"model": "ludorecherche.game", "pk": 15, "fields": {"name": "Goblivion", "english_name": "Goblivion", "player_min": 1, "player_max": 2, "playing_time": "30 min", "created_at": "2021-04-10T13:29:36.780Z", "difficulty": 1, "picture": "goblivion.png", "external_image": "", "thumb_image": "", "bgg_link": "https://boardgamegeek.com/boardgame/243538/goblivion", "age": 12, "buying_price": null, "stock": 1, "max_time": null, "by_player": false, "designers": [14], "artists": [20], "publishers": [8, 9, 10], "playing_mode": [1, 3], "language": [], "tag": [], "mechanism": [26, 27], "topic": [31]}}, {"model": "ludorecherche.game", "pk": 16, "fields": {"name": "Marvel Champions Le jeu de cartes", "english_name": "Marvel Champions Le jeu de cartes", "player_min": 1, "player_max": 4, "playing_time": "45 à 90 min", "created_at": "2021-04-10T13:41:50.663Z", "difficulty": 2, "picture": "mctcc.jpg", "external_image": "", "thumb_image": "", "bgg_link": "https://boardgamegeek.com/boardgame/285774/marvel-champions-card-game", "age": 14, "buying_price": null, "stock": 1, "max_time": 90, "by_player": false, "designers": [15, 16, 17], "artists": [21, 22], "publishers": [11, 12, 13], "playing_mode": [1, 3], "language": [], "tag": [], "mechanism": [28], "topic": [15, 19]}}, {"model": "ludorecherche.game", "pk": 17, "fields": {"name": "Legendary: a Marvel Deck Building Game", "english_name": "Legendary: a Marvel Deck Building Game", "player_min": 1, "player_max": 5, "playing_time": "30 à 60 min", "created_at": "2021-04-10T13:47:38.596Z", "difficulty": 2, "picture": "legendary.jpg", "external_image": "", "thumb_image": "", "bgg_link": "https://boardgamegeek.com/boardgame/129437/legendary-marvel-deck-building-game", "age": 14, "buying_price": null, "stock": 1, "max_time": 60, "by_player": false, "designers": [18], "artists": [23, 24], "publishers": [14], "playing_mode": [1, 2], "language": [], "tag": [], "mechanism": [26], "topic": [15, 19]}}, {"model": "ludorecherche.game", "pk": 18, "fields": {"name": "Sentinels Of The Multiverse", "english_name": "Sentinels Of The Multiverse", "player_min": 2, "player_max": 5, "playing_time": "30 à 60 min", "created_at": "2021-04-10T13:57:28.454Z", "difficulty": 2, "picture": "som.jpg", "external_image": "", "thumb_image": "", "bgg_link": "https://boardgamegeek.com/boardgame/102652/sentinels-multiverse", "age": 13, "buying_price": null, "stock": 1, "max_time": 60, "by_player": false, "designers": [19, 20, 21], "artists": [25], "publishers": [15], "playing_mode": [3], "language": [], "tag": [], "mechanism": [28], "topic": [19]}}, {"model": "ludorecherche.game", "pk": 19, "fields": {"name": "Warhammer 40000: L'Hérésie d'Horus", "english_name": "Warhammer 40000: L'Hérésie d'Horus", "player_min": 2, "player_max": 2, "playing_time": "135 min", "created_at": "2021-04-10T16:26:29.714Z", "difficulty": 3, "picture": "w40khh.jpg", "external_image": "", "thumb_image": "", "bgg_link": "https://boardgamegeek.com/boardgame/63543/horus-heresy", "age": 14, "buying_price": null, "stock": 1, "max_time": 135, "by_player": false, "designers": [25, 26], "artists": [26, 27], "publishers": [11, 12], "playing_mode": [4], "language": [], "tag": [], "mechanism": [28], "topic": [9, 17, 23]}}, {"model": "ludorecherche.game", "pk": 20, "fields": {"name": "Scythe", "english_name": "Scythe", "player_min": 1, "player_max": 5, "playing_time": "90 à 115 min", "created_at": "2021-04-10T16:31:15.856Z", "difficulty": 3, "picture": "scythe.jpg", "external_image": "", "thumb_image": "", "bgg_link": "https://boardgamegeek.com/boardgame/169786/scythe", "age": 14, "buying_price": null, "stock": 1, "max_time": 115, "by_player": false, "designers": [27], "artists": [28], "publishers": [16, 17], "playing_mode": [1, 4], "language": [], "tag": [], "mechanism": [28], "topic": [3, 9, 30]}}, {"model": "ludorecherche.game", "pk": 21, "fields": {"name": "Dune", "english_name": "Dune", "player_min": 3, "player_max": 6, "playing_time": "180 min", "created_at": "2021-04-10T16:36:39.479Z", "difficulty": 3, "picture": "dune.jpg", "external_image": "", "thumb_image": "", "bgg_link": "https://www.trictrac.net/jeu-de-societe/dune", "age": 14, "buying_price": null, "stock": 1, "max_time": 180, "by_player": false, "designers": [28], "artists": [29, 30], "publishers": [18], "playing_mode": [4], "language": [], "tag": [], "mechanism": [22, 28], "topic": [6, 9, 23]}}, {"model": "ludorecherche.game", "pk": 22, "fields": {"name": "Méditerranée", "english_name": "Méditerranée", "player_min": 2, "player_max": 4, "playing_time": "120 min", "created_at": "2021-04-10T16:42:23.128Z", "difficulty": 2, "picture": "med.jpg", "external_image": "", "thumb_image": "", "bgg_link": "https://www.trictrac.net/jeu-de-societe/mediterranee", "age": 12, "buying_price": null, "stock": 1, "max_time": 120, "by_player": false, "designers": [29], "artists": [31], "publishers": [18], "playing_mode": [4], "language": [], "tag": [], "mechanism": [22, 29], "topic": [12]}}, {"model": "ludorecherche.game", "pk": 23, "fields": {"name": "Crystal Clans", "english_name": "Crystal Clans", "player_min": 2, "player_max": 2, "playing_time": "30 à 60 min", "created_at": "2021-04-10T16:46:24.653Z", "difficulty": 2, "picture": "crystalclan.jpg", "external_image": "", "thumb_image": "", "bgg_link": "https://boardgamegeek.com/boardgame/228133/crystal-clans", "age": 14, "buying_price": null, "stock": 1, "max_time": 60, "by_player": false, "designers": [30, 31, 32], "artists": [32], "publishers": [19], "playing_mode": [4], "language": [], "tag": [], "mechanism": [], "topic": [9, 31]}}, {"model": "ludorecherche.game", "pk": 24, "fields": {"name": "Runewars", "english_name": "Runewars", "player_min": 2, "player_max": 4, "playing_time": "180 à 240 min", "created_at": "2021-04-10T16:50:45.673Z", "difficulty": 3, "picture": "runewars.jpg", "external_image": "", "thumb_image": "", "bgg_link": "https://boardgamegeek.com/boardgame/59294/runewars", "age": 14, "buying_price": null, "stock": 1, "max_time": 240, "by_player": false, "designers": [33], "artists": [42, 35], "publishers": [11, 12], "playing_mode": [4], "language": [], "tag": [], "mechanism": [22], "topic": [9, 22, 31]}}, {"model": "ludorecherche.game", "pk": 25, "fields": {"name": "La guerre des héros", "english_name": "La guerre des héros", "player_min": 2, "player_max": 2, "playing_time": "120 min", "created_at": "2021-04-10T16:55:14.358Z", "difficulty": 3, "picture": "lgdh.jpg", "external_image": "", "thumb_image": "", "bgg_link": "https://www.trictrac.net/jeu-de-societe/la-guerre-des-heros", "age": 14, "buying_price": null, "stock": 1, "max_time": 120, "by_player": false, "designers": [34], "artists": [36], "publishers": [20], "playing_mode": [4], "language": [], "tag": [], "mechanism": [], "topic": [9, 31]}}, {"model": "ludorecherche.game", "pk": 26, "fields": {"name": "Gloomhaven", "english_name": "Gloomhaven", "player_min": 1, "player_max": 4, "playing_time": "30 à 120 min", "created_at": "2021-04-10T16:59:46.118Z", "difficulty": 3, "picture": "gloomhaven.jpg", "external_image": "", "thumb_image": "", "bgg_link": "https://boardgamegeek.com/boardgame/174430/gloomhaven", "age": 14, "buying_price": null, "stock": 1, "max_time": 120, "by_player": false, "designers": [35], "artists": [37, 38, 39], "publishers": [], "playing_mode": [1, 3], "language": [], "tag": [], "mechanism": [23, 24, 25, 26], "topic": [31]}}, {"model": "ludorecherche.game", "pk": 27, "fields": {"name": "Andor: Chada et Thorn", "english_name": "Andor: Chada et Thorn", "player_min": 2, "player_max": 2, "playing_time": "45 min", "created_at": "2021-04-10T17:04:09.022Z", "difficulty": 2, "picture": "andorct.png", "external_image": "", "thumb_image": "", "bgg_link": "https://www.trictrac.net/jeu-de-societe/andor-chada-thorn", "age": 14, "buying_price": null, "stock": 1, "max_time": 45, "by_player": false, "designers": [36], "artists": [40], "publishers": [2, 21], "playing_mode": [3], "language": [], "tag": [], "mechanism": [24, 25], "topic": [1, 31]}}, {"model": "ludorecherche.game", "pk": 28, "fields": {"name": "warhammer quest: le jeu d'aventure", "english_name": "warhammer quest: le jeu d'aventure", "player_min": 1, "player_max": 4, "playing_time": "30 à 60 min", "created_at": "2021-04-10T17:10:10.912Z", "difficulty": 2, "picture": "wclja.jpg", "external_image": "", "thumb_image": "", "bgg_link": "https://boardgamegeek.com/boardgame/181521/warhammer-quest-adventure-card-game", "age": 14, "buying_price": null, "stock": 1, "max_time": 60, "by_player": false, "designers": [37, 38, 39], "artists": [41], "publishers": [11, 12], "playing_mode": [3], "language": [], "tag": [], "mechanism": [23, 25, 28], "topic": [16, 31]}}, {"model": "ludorecherche.game", "pk": 29, "fields": {"name": "Dungeons & Dragons: Castle Ravenloft Board Game", "english_name": "Dungeons & Dragons: Castle Ravenloft Board Game", "player_min": 1, "player_max": 5, "playing_time": "60 min", "created_at": "2021-04-10T17:14:55.407Z", "difficulty": 2, "picture": "ddcr.jpg", "external_image": "", "thumb_image": "", "bgg_link": "https://boardgamegeek.com/boardgame/59946/dungeons-dragons-castle-ravenloft-board-game", "age": 12, "buying_price": null, "stock": 1, "max_time": 60, "by_player": false, "designers": [40, 41, 42], "artists": [42], "publishers": [22], "playing_mode": [3], "language": [], "tag": [], "mechanism": [23, 25, 28], "topic": [5, 31]}}, {"model": "ludorecherche.game", "pk": 30, "fields": {"name": "Dungeons & Dragons: Wrath of Ashardalon Board Game", "english_name": "Dungeons & Dragons: Wrath of Ashardalon Board Game", "player_min": 1, "player_max": 5, "playing_time": "60 min", "created_at": "2021-04-10T17:17:13.366Z", "difficulty": 2, "picture": "ddwoa.jpg", "external_image": "", "thumb_image": "", "bgg_link": "https://boardgamegeek.com/boardgame/66356/dungeons-dragons-wrath-ashardalon-board-game", "age": 12, "buying_price": null, "stock": 1, "max_time": 60, "by_player": false, "designers": [40, 42], "artists": [42], "publishers": [22], "playing_mode": [3], "language": [], "tag": [], "mechanism": [23, 24, 25, 28], "topic": [5, 31]}}, {"model": "ludorecherche.game", "pk": 31, "fields": {"name": "Sentinel Tactics: The Flame Of Freedom", "english_name": "Sentinel Tactics: The Flame Of Freedom", "player_min": 2, "player_max": 8, "playing_time": "30 à 60 min", "created_at": "2021-04-11T09:24:49.795Z", "difficulty": 2, "picture": "sttfof.png", "external_image": "", "thumb_image": "", "bgg_link": "https://boardgamegeek.com/boardgame/146408/sentinel-tactics-flame-freedom", "age": 13, "buying_price": null, "stock": 1, "max_time": 60, "by_player": false, "designers": [19, 43, 44], "artists": [25], "publishers": [15], "playing_mode": [5], "language": [], "tag": [], "mechanism": [24, 28], "topic": [19]}}, {"model": "ludorecherche.game", "pk": 32, "fields": {"name": "Okko Chronicles: Cycle of Water – Quest into Darkness", "english_name": "Okko Chronicles: Cycle of Water – Quest into Darkness", "player_min": 2, "player_max": 5, "playing_time": "120 min", "created_at": "2021-04-11T09:30:53.057Z", "difficulty": 3, "picture": "octcof.jpg", "external_image": "", "thumb_image": "", "bgg_link": "https://boardgamegeek.com/boardgame/228399/okko-chronicles-cycle-water-quest-darkness", "age": 14, "buying_price": null, "stock": 1, "max_time": 120, "by_player": false, "designers": [45], "artists": [43], "publishers": [23], "playing_mode": [5], "language": [], "tag": [], "mechanism": [23, 24, 25, 28], "topic": [31]}}, {"model": "ludorecherche.game", "pk": 33, "fields": {"name": "Descent: Voyage dans les ténèbres", "english_name": "Descent: Voyage dans les ténèbres", "player_min": 2, "player_max": 5, "playing_time": "120 à 240 min", "created_at": "2021-04-11T09:36:28.164Z", "difficulty": 2, "picture": "pic249300.jpg", "external_image": "", "thumb_image": "", "bgg_link": "https://boardgamegeek.com/boardgame/17226/descent-journeys-dark", "age": 13, "buying_price": null, "stock": 1, "max_time": 240, "by_player": false, "designers": [46], "artists": [44, 45, 42], "publishers": [11, 12], "playing_mode": [5], "language": [], "tag": [], "mechanism": [23, 24, 25, 28], "topic": [22, 31]}}, {"model": "ludorecherche.game", "pk": 34, "fields": {"name": "Neuroshima Hex!", "english_name": "Neuroshima Hex!", "player_min": 1, "player_max": 4, "playing_time": "30 min", "created_at": "2021-04-11T10:04:36.403Z", "difficulty": 2, "picture": "pic263013.jpg", "external_image": "", "thumb_image": "", "bgg_link": "https://boardgamegeek.com/boardgame/21241/neuroshima-hex-30", "age": 10, "buying_price": null, "stock": 1, "max_time": 30, "by_player": false, "designers": [48], "artists": [47, 48, 49], "publishers": [2], "playing_mode": [1, 4], "language": [], "tag": [], "mechanism": [28], "topic": [9, 26]}}, {"model": "ludorecherche.game", "pk": 35, "fields": {"name": "Runebound", "english_name": "Runebound", "player_min": 2, "player_max": 6, "playing_time": "120 à 240 min", "created_at": "2021-04-11T10:07:48.959Z", "difficulty": 2, "picture": "pic178189.jpg", "external_image": "", "thumb_image": "", "bgg_link": "https://boardgamegeek.com/boardgame/21523/runebound-second-edition", "age": 12, "buying_price": null, "stock": 1, "max_time": 240, "by_player": false, "designers": [49, 50], "artists": [44, 42, 50], "publishers": [11, 12], "playing_mode": [4], "language": [], "tag": [], "mechanism": [25, 28], "topic": [22, 31]}}, {"model": "ludorecherche.game", "pk": 36, "fields": {"name": "Talisman", "english_name": "Talisman", "player_min": 2, "player_max": 6, "playing_time": "90 min", "created_at": "2021-04-11T10:11:16.686Z", "difficulty": 1, "picture": "pic332870.jpg", "external_image": "", "thumb_image": "", "bgg_link": "https://boardgamegeek.com/boardgame/27627/talisman-revised-4th-edition", "age": 13, "buying_price": null, "stock": 1, "max_time": 90, "by_player": false, "designers": [25, 51], "artists": [51, 52, 53], "publishers": [11], "playing_mode": [4], "language": [], "tag": [], "mechanism": [25, 28], "topic": [31]}}, {"model": "ludorecherche.game", "pk": 37, "fields": {"name": "7 wonders duel", "english_name": "7 wonders duel", "player_min": 2, "player_max": 2, "playing_time": "30 min", "created_at": "2021-04-11T10:13:51.757Z", "difficulty": 2, "picture": "pic3376065.jpg", "external_image": "", "thumb_image": "", "bgg_link": "https://boardgamegeek.com/boardgame/173346/7-wonders-duel", "age": 10, "buying_price": null, "stock": 1, "max_time": 30, "by_player": false, "designers": [52, 53], "artists": [54], "publishers": [24], "playing_mode": [4], "language": [], "tag": [], "mechanism": [21], "topic": [12]}}, {"model": "ludorecherche.game", "pk": 38, "fields": {"name": "Le Parrain: L'empire De Corleone", "english_name": "Le Parrain: L'empire De Corleone", "player_min": 2, "player_max": 5, "playing_time": "60 à 90 min", "created_at": "2021-04-11T10:17:06.981Z", "difficulty": 3, "picture": "pic3364797.jpg", "external_image": "", "thumb_image": "", "bgg_link": "https://boardgamegeek.com/boardgame/195539/godfather-corleones-empire", "age": 14, "buying_price": null, "stock": 1, "max_time": 90, "by_player": false, "designers": [54], "artists": [55, 56, 57], "publishers": [25], "playing_mode": [4], "language": [], "tag": [], "mechanism": [22, 39], "topic": [14]}}, {"model": "ludorecherche.game", "pk": 39, "fields": {"name": "Disney Villainous", "english_name": "Disney Villainous", "player_min": 2, "player_max": 6, "playing_time": "50 min", "created_at": "2021-04-11T10:20:13.276Z", "difficulty": 2, "picture": "pic4216110.jpg", "external_image": "", "thumb_image": "", "bgg_link": "https://boardgamegeek.com/boardgame/256382/disney-villainous", "age": 10, "buying_price": null, "stock": 1, "max_time": 50, "by_player": false, "designers": [55], "artists": [], "publishers": [26], "playing_mode": [4], "language": [], "tag": [], "mechanism": [28], "topic": [4, 31]}}, {"model": "ludorecherche.game", "pk": 40, "fields": {"name": "Otys", "english_name": "Otys", "player_min": 2, "player_max": 4, "playing_time": "60 min", "created_at": "2021-04-11T10:23:00.090Z", "difficulty": 3, "picture": "pic3668630.jpg", "external_image": "", "thumb_image": "", "bgg_link": "https://boardgamegeek.com/boardgame/222542/otys", "age": 14, "buying_price": null, "stock": 1, "max_time": 60, "by_player": false, "designers": [56], "artists": [58], "publishers": [27, 28], "playing_mode": [4], "language": [], "tag": [], "mechanism": [22], "topic": [26]}}, {"model": "ludorecherche.game", "pk": 41, "fields": {"name": "Ponzi Scheme", "english_name": "Ponzi Scheme", "player_min": 3, "player_max": 5, "playing_time": "90 min", "created_at": "2021-04-11T10:25:08.500Z", "difficulty": 3, "picture": "pic5100985.jpg", "external_image": "", "thumb_image": "", "bgg_link": "https://boardgamegeek.com/boardgame/180899/ponzi-scheme", "age": 12, "buying_price": null, "stock": 1, "max_time": 90, "by_player": false, "designers": [57], "artists": [59], "publishers": [29], "playing_mode": [4], "language": [], "tag": [], "mechanism": [22], "topic": [8]}}, {"model": "ludorecherche.game", "pk": 42, "fields": {"name": "Harry Potter Miniatures Adventure Game", "english_name": "Harry Potter Miniatures Adventure Game", "player_min": 2, "player_max": 6, "playing_time": "30 à 90 min", "created_at": "2021-04-11T10:27:51.989Z", "difficulty": 2, "picture": "pic4403592.jpg", "external_image": "", "thumb_image": "", "bgg_link": "https://boardgamegeek.com/boardgame/246744/harry-potter-miniatures-adventure-game", "age": 12, "buying_price": null, "stock": 1, "max_time": 90, "by_player": false, "designers": [58, 59], "artists": [], "publishers": [30], "playing_mode": [3, 4], "language": [], "tag": [], "mechanism": [28], "topic": [11, 21]}}, {"model": "ludorecherche.game", "pk": 43, "fields": {"name": "La bonne Paye", "english_name": "La bonne Paye", "player_min": 2, "player_max": 6, "playing_time": "30 min", "created_at": "2021-04-11T13:35:12.625Z", "difficulty": 1, "picture": "0b342fbc7eda5033f5a99fa650e512d73548.jpg", "external_image": "", "thumb_image": "", "bgg_link": "https://www.trictrac.net/jeu-de-societe/la-bonne-paye-les-bons-voyages", "age": 8, "buying_price": null, "stock": 1, "max_time": 30, "by_player": false, "designers": [60], "artists": [], "publishers": [31], "playing_mode": [4], "language": [], "tag": [35], "mechanism": [22, 32], "topic": []}}, {"model": "ludorecherche.game", "pk": 44, "fields": {"name": "Monopoly: Star Wars Limited Collector's Edition", "english_name": "Monopoly: Star Wars Limited Collector's Edition", "player_min": 2, "player_max": 8, "playing_time": "60 min", "created_at": "2021-04-11T13:37:57.401Z", "difficulty": 1, "picture": "pic12726.jpg", "external_image": "", "thumb_image": "", "bgg_link": "https://boardgamegeek.com/boardgame/26696/monopoly-star-wars-limited-collectors-edition", "age": 8, "buying_price": null, "stock": 1, "max_time": 60, "by_player": false, "designers": [], "artists": [], "publishers": [31], "playing_mode": [4], "language": [], "tag": [35], "mechanism": [22, 32], "topic": []}}, {"model": "ludorecherche.game", "pk": 45, "fields": {"name": "La vallée des mammouths", "english_name": "La vallée des mammouths", "player_min": 3, "player_max": 6, "playing_time": "180 min", "created_at": "2021-04-11T13:41:18.226Z", "difficulty": 1, "picture": "pic4032737.jpg", "external_image": "", "thumb_image": "", "bgg_link": "https://boardgamegeek.com/boardgame/2535/valley-mammoths", "age": 12, "buying_price": null, "stock": 1, "max_time": 180, "by_player": false, "designers": [61], "artists": [60], "publishers": [18], "playing_mode": [4], "language": [], "tag": [], "mechanism": [], "topic": [25]}}, {"model": "ludorecherche.game", "pk": 46, "fields": {"name": "Risk: La conquête du monde", "english_name": "Risk: La conquête du monde", "player_min": 2, "player_max": 6, "playing_time": "120 min", "created_at": "2021-04-11T13:44:56.783Z", "difficulty": 1, "picture": "pic5244709.jpg", "external_image": "", "thumb_image": "", "bgg_link": "https://boardgamegeek.com/boardgame/181/risk", "age": 10, "buying_price": null, "stock": 1, "max_time": 120, "by_player": false, "designers": [62, 63], "artists": [], "publishers": [31], "playing_mode": [4], "language": [], "tag": [35], "mechanism": [32], "topic": [7, 9]}}, {"model": "ludorecherche.game", "pk": 47, "fields": {"name": "Destins", "english_name": "Destins", "player_min": 2, "player_max": 6, "playing_time": "60 min", "created_at": "2021-04-11T13:47:39.770Z", "difficulty": 1, "picture": "pic710742.jpg", "external_image": "", "thumb_image": "", "bgg_link": "https://boardgamegeek.com/boardgame/2921/game-of-life", "age": 8, "buying_price": null, "stock": 1, "max_time": 60, "by_player": false, "designers": [64, 65], "artists": [], "publishers": [32], "playing_mode": [4], "language": [], "tag": [35], "mechanism": [22, 32], "topic": []}}, {"model": "ludorecherche.game", "pk": 48, "fields": {"name": "L'ascenceur Infernal", "english_name": "L'ascenceur Infernal", "player_min": 2, "player_max": 6, "playing_time": "60 min", "created_at": "2021-04-11T13:51:26.106Z", "difficulty": 2, "picture": "escape-game-l-ascenseur-infernal.jpg", "external_image": "", "thumb_image": "", "bgg_link": "", "age": 14, "buying_price": null, "stock": 1, "max_time": 60, "by_player": false, "designers": [66], "artists": [61], "publishers": [33], "playing_mode": [3], "language": [], "tag": [], "mechanism": [30], "topic": []}}, {"model": "ludorecherche.game", "pk": 49, "fields": {"name": "Unlock!:mystery Adventures", "english_name": "Unlock!:mystery Adventures", "player_min": 1, "player_max": 6, "playing_time": "60 min", "created_at": "2021-04-11T13:55:21.973Z", "difficulty": 2, "picture": "pic3588255.jpg", "external_image": "", "thumb_image": "", "bgg_link": "https://boardgamegeek.com/boardgame/228867/unlock-mystery-adventures", "age": 10, "buying_price": null, "stock": 1, "max_time": 60, "by_player": false, "designers": [67, 68, 69, 70], "artists": [62, 63, 64], "publishers": [34], "playing_mode": [3], "language": [], "tag": [], "mechanism": [30], "topic": []}}, {"model": "ludorecherche.game", "pk": 50, "fields": {"name": "Unlock!:secret Adventures", "english_name": "Unlock!:secret Adventures", "player_min": 1, "player_max": 6, "playing_time": "60 min", "created_at": "2021-04-11T13:58:12.803Z", "difficulty": 2, "picture": "pic3945063.jpg", "external_image": "", "thumb_image": "", "bgg_link": "https://boardgamegeek.com/boardgame/239307/unlock-secret-adventures", "age": 10, "buying_price": null, "stock": 1, "max_time": 60, "by_player": false, "designers": [71, 72, 73], "artists": [65, 66, 67], "publishers": [34], "playing_mode": [3], "language": [], "tag": [], "mechanism": [30], "topic": []}}, {"model": "ludorecherche.game", "pk": 51, "fields": {"name": "Unlock!:exotic Adventures", "english_name": "Unlock!:exotic Adventures", "player_min": 1, "player_max": 6, "playing_time": "60 min", "created_at": "2021-04-11T14:00:55.949Z", "difficulty": 2, "picture": "pic4511284.png", "external_image": "", "thumb_image": "", "bgg_link": "https://boardgamegeek.com/boardgame/254226/unlock-exotic-adventures", "age": 10, "buying_price": null, "stock": 1, "max_time": 60, "by_player": false, "designers": [74], "artists": [64, 66, 67, 68, 69], "publishers": [34], "playing_mode": [3], "language": [], "tag": [], "mechanism": [30], "topic": []}}, {"model": "ludorecherche.game", "pk": 52, "fields": {"name": "SCRABBLE ZigZag", "english_name": "SCRABBLE ZigZag", "player_min": 2, "player_max": 4, "playing_time": "30 min", "created_at": "2021-04-11T14:04:05.352Z", "difficulty": 1, "picture": "pic1861508.jpg", "external_image": "", "thumb_image": "", "bgg_link": "https://boardgamegeek.com/boardgame/151603/scrabble-twists-turns", "age": 10, "buying_price": null, "stock": 1, "max_time": 30, "by_player": false, "designers": [75], "artists": [], "publishers": [35], "playing_mode": [4], "language": [], "tag": [35], "mechanism": [31, 32], "topic": []}}, {"model": "ludorecherche.game", "pk": 53, "fields": {"name": "Échecs", "english_name": "Échecs", "player_min": 2, "player_max": 2, "playing_time": "60 min", "created_at": "2021-04-11T14:06:04.588Z", "difficulty": 2, "picture": "pic260745.jpg", "external_image": "", "thumb_image": "", "bgg_link": "https://boardgamegeek.com/boardgame/171/chess", "age": 6, "buying_price": null, "stock": 1, "max_time": 60, "by_player": false, "designers": [], "artists": [], "publishers": [], "playing_mode": [4], "language": [], "tag": [35], "mechanism": [32], "topic": []}}, {"model": "ludorecherche.game", "pk": 54, "fields": {"name": "Master Mind", "english_name": "Master Mind", "player_min": 2, "player_max": 2, "playing_time": "20 min", "created_at": "2021-04-11T14:07:38.620Z", "difficulty": 2, "picture": "pic4420154.png", "external_image": "", "thumb_image": "", "bgg_link": "https://boardgamegeek.com/boardgame/2392/mastermind", "age": 8, "buying_price": null, "stock": 1, "max_time": 20, "by_player": false, "designers": [76], "artists": [], "publishers": [], "playing_mode": [4], "language": [], "tag": [35], "mechanism": [32], "topic": []}}, {"model": "ludorecherche.game", "pk": 55, "fields": {"name": "Backgammon", "english_name": "Backgammon", "player_min": 2, "player_max": 2, "playing_time": "30 min", "created_at": "2021-04-11T14:09:46.266Z", "difficulty": 2, "picture": "pic1361122.jpg", "external_image": "", "thumb_image": "", "bgg_link": "https://boardgamegeek.com/boardgame/2397/backgammon", "age": 8, "buying_price": null, "stock": 1, "max_time": 30, "by_player": false, "designers": [], "artists": [], "publishers": [], "playing_mode": [4], "language": [], "tag": [35], "mechanism": [32], "topic": []}}, {"model": "ludorecherche.game", "pk": 56, "fields": {"name": "Dames Chinoises", "english_name": "Dames Chinoises", "player_min": 2, "player_max": 6, "playing_time": "30 min", "created_at": "2021-04-11T14:11:09.092Z", "difficulty": 1, "picture": "pic113974.jpg", "external_image": "", "thumb_image": "", "bgg_link": "https://boardgamegeek.com/boardgame/2386/chinese-checkers", "age": 7, "buying_price": null, "stock": 1, "max_time": 30, "by_player": false, "designers": [], "artists": [], "publishers": [], "playing_mode": [4], "language": [], "tag": [35], "mechanism": [32], "topic": []}}, {"model": "ludorecherche.game", "pk": 57, "fields": {"name": "Trivial pursuit: Passeport pour le monde", "english_name": "Trivial pursuit: Passeport pour le monde", "player_min": 2, "player_max": 6, "playing_time": "60 à 90 min", "created_at": "2021-04-11T14:14:03.942Z", "difficulty": 1, "picture": "pic64066.jpg", "external_image": "", "thumb_image": "", "bgg_link": "https://boardgamegeek.com/boardgame/15431/trivial-pursuit-globetrotter", "age": 12, "buying_price": null, "stock": 1, "max_time": 90, "by_player": false, "designers": [], "artists": [], "publishers": [31], "playing_mode": [4], "language": [], "tag": [35], "mechanism": [32, 33], "topic": []}}, {"model": "ludorecherche.game", "pk": 58, "fields": {"name": "Trivial pursuit: Histoire de France", "english_name": "Trivial pursuit: Histoire de France", "player_min": 2, "player_max": 6, "playing_time": "30 à 60 min", "created_at": "2021-04-11T14:17:43.568Z", "difficulty": 1, "picture": "93aff744fcb9fb7a6e872948c6333dabc49f.jpeg", "external_image": "", "thumb_image": "", "bgg_link": "https://www.trictrac.net/jeu-de-societe/trivial-pursuit-histoire-de-france-0", "age": 15, "buying_price": null, "stock": 1, "max_time": 90, "by_player": false, "designers": [77, 78], "artists": [], "publishers": [36], "playing_mode": [4], "language": [], "tag": [35], "mechanism": [32, 33], "topic": [12]}}, {"model": "ludorecherche.game", "pk": 59, "fields": {"name": "Trivial pursuit: Édition Famille", "english_name": "Trivial pursuit: Édition Famille", "player_min": 2, "player_max": 6, "playing_time": "30 à 60 min", "created_at": "2021-04-11T14:19:59.672Z", "difficulty": 1, "picture": "3ed7e5772be7882798dc5aab3e2f66337ff4.jpeg", "external_image": "", "thumb_image": "", "bgg_link": "https://www.trictrac.net/jeu-de-societe/trivial-pursuit-edition-famille", "age": 10, "buying_price": null, "stock": 1, "max_time": 60, "by_player": false, "designers": [77, 78], "artists": [], "publishers": [31], "playing_mode": [4], "language": [], "tag": [35], "mechanism": [32, 33], "topic": []}}, {"model": "ludorecherche.game", "pk": 60, "fields": {"name": "Code Names XXL", "english_name": "Code Names XXL", "player_min": 2, "player_max": 8, "playing_time": "15 min", "created_at": "2021-04-11T14:23:35.375Z", "difficulty": 1, "picture": "6a43f48ceaa4d9fafb0dbe7abe228c526ad77af8bf389d7fe9d79456f482.jpeg", "external_image": "", "thumb_image": "", "bgg_link": "https://www.trictrac.net/jeu-de-societe/codenames-xxl", "age": 12, "buying_price": null, "stock": 1, "max_time": 15, "by_player": false, "designers": [79], "artists": [70, 71], "publishers": [2], "playing_mode": [4], "language": [], "tag": [], "mechanism": [34], "topic": [10]}}, {"model": "ludorecherche.game", "pk": 61, "fields": {"name": "Carcassonne Star Wars", "english_name": "Carcassonne Star Wars", "player_min": 2, "player_max": 5, "playing_time": "35 min", "created_at": "2021-04-11T14:26:24.248Z", "difficulty": 1, "picture": "03ec686e45886a7d9a993697848c558f678e.png", "external_image": "", "thumb_image": "", "bgg_link": "https://www.trictrac.net/jeu-de-societe/carcassonne-star-wars-edition-3", "age": 7, "buying_price": null, "stock": 1, "max_time": 35, "by_player": false, "designers": [80], "artists": [], "publishers": [37], "playing_mode": [4], "language": [], "tag": [], "mechanism": [21, 37], "topic": [20]}}, {"model": "ludorecherche.game", "pk": 62, "fields": {"name": "[kosmopoli:t]", "english_name": "[kosmopoli:t]", "player_min": 4, "player_max": 8, "playing_time": "6 min", "created_at": "2021-04-11T14:28:41.514Z", "difficulty": 1, "picture": "bd8790fd9e266f4bd566499340d42987f40c6d0a2a54a2f7995d4065f69a.png", "external_image": "", "thumb_image": "", "bgg_link": "https://www.trictrac.net/jeu-de-societe/kosmopoli-t", "age": 10, "buying_price": null, "stock": 1, "max_time": 6, "by_player": false, "designers": [81, 82], "artists": [72], "publishers": [38], "playing_mode": [3], "language": [], "tag": [], "mechanism": [], "topic": [24]}}, {"model": "ludorecherche.game", "pk": 63, "fields": {"name": "Maître Renard", "english_name": "Maître Renard", "player_min": 2, "player_max": 4, "playing_time": "20 min", "created_at": "2021-04-11T14:30:49.848Z", "difficulty": 1, "picture": "e84bf5c68ad2925553a9987591d272bb4af8.jpeg", "external_image": "", "thumb_image": "", "bgg_link": "https://www.trictrac.net/jeu-de-societe/maitre-renard-0", "age": 7, "buying_price": null, "stock": 1, "max_time": 20, "by_player": false, "designers": [83], "artists": [73], "publishers": [39], "playing_mode": [4], "language": [], "tag": [], "mechanism": [], "topic": []}}, {"model": "ludorecherche.game", "pk": 64, "fields": {"name": "Le Désert Interdit", "english_name": "Forbidden Desert", "player_min": 2, "player_max": 5, "playing_time": "45 min", "created_at": "2021-04-11T14:34:00.177Z", "difficulty": 1, "picture": "pic1528722.jpg", "external_image": "", "thumb_image": "", "bgg_link": "https://boardgamegeek.com/boardgame/136063/forbidden-desert", "age": 10, "buying_price": null, "stock": 1, "max_time": 45, "by_player": false, "designers": [84], "artists": [74, 75], "publishers": [40], "playing_mode": [3], "language": [], "tag": [], "mechanism": [], "topic": []}}, {"model": "ludorecherche.game", "pk": 65, "fields": {"name": "Kitchen Rush", "english_name": "Kitchen Rush", "player_min": 1, "player_max": 4, "playing_time": "30 à 45 min", "created_at": "2021-04-13T13:23:48.173Z", "difficulty": 1, "picture": "pic3559531.jpg", "external_image": "", "thumb_image": "", "bgg_link": "https://boardgamegeek.com/boardgame/223953/kitchen-rush", "age": 12, "buying_price": null, "stock": 1, "max_time": 45, "by_player": false, "designers": [85, 86], "artists": [76, 77], "publishers": [41], "playing_mode": [3], "language": [], "tag": [], "mechanism": [22, 35], "topic": [24]}}, {"model": "ludorecherche.game", "pk": 66, "fields": {"name": "Pix", "english_name": "Pix", "player_min": 4, "player_max": 9, "playing_time": "30 min", "created_at": "2021-04-13T13:25:53.306Z", "difficulty": 1, "picture": "pic1558327.jpg", "external_image": "", "thumb_image": "", "bgg_link": "https://boardgamegeek.com/boardgame/67181/pix", "age": 8, "buying_price": null, "stock": 1, "max_time": 30, "by_player": false, "designers": [87, 88], "artists": [], "publishers": [1], "playing_mode": [4], "language": [], "tag": [], "mechanism": [36], "topic": []}}, {"model": "ludorecherche.game", "pk": 67, "fields": {"name": "Kingdomino", "english_name": "Kingdomino", "player_min": 2, "player_max": 4, "playing_time": "15 min", "created_at": "2021-04-13T13:28:38.454Z", "difficulty": 1, "picture": "pic3132685.png", "external_image": "", "thumb_image": "", "bgg_link": "https://boardgamegeek.com/boardgame/204583/kingdomino", "age": 8, "buying_price": null, "stock": 1, "max_time": 15, "by_player": false, "designers": [52], "artists": [78], "publishers": [42], "playing_mode": [4], "language": [], "tag": [], "mechanism": [21, 37], "topic": []}}, {"model": "ludorecherche.game", "pk": 68, "fields": {"name": "Las Vegas", "english_name": "Las Vegas", "player_min": 2, "player_max": 5, "playing_time": "30 min", "created_at": "2021-04-13T13:33:33.068Z", "difficulty": 1, "picture": "pic1261796.jpg", "external_image": "", "thumb_image": "", "bgg_link": "https://boardgamegeek.com/boardgame/117959/las-vegas", "age": 8, "buying_price": null, "stock": 1, "max_time": 30, "by_player": false, "designers": [89], "artists": [79, 80, 81], "publishers": [43], "playing_mode": [4], "language": [], "tag": [], "mechanism": [], "topic": [2]}}, {"model": "ludorecherche.game", "pk": 69, "fields": {"name": "Hover Kraft", "english_name": "Hover Kraft", "player_min": 1, "player_max": 8, "playing_time": "5 min", "created_at": "2021-04-13T13:44:38.092Z", "difficulty": 1, "picture": "pic2310434.jpg", "external_image": "", "thumb_image": "", "bgg_link": "https://boardgamegeek.com/boardgame/169256/hoverkraft", "age": 8, "buying_price": null, "stock": 1, "max_time": 5, "by_player": false, "designers": [], "artists": [], "publishers": [44], "playing_mode": [4], "language": [], "tag": [], "mechanism": [21], "topic": []}}, {"model": "ludorecherche.game", "pk": 70, "fields": {"name": "Sagrada", "english_name": "Sagrada", "player_min": 1, "player_max": 4, "playing_time": "30 à 45 min", "created_at": "2021-04-13T13:47:20.926Z", "difficulty": 1, "picture": "pic3525224.jpg", "external_image": "", "thumb_image": "", "bgg_link": "https://boardgamegeek.com/boardgame/199561/sagrada", "age": 14, "buying_price": null, "stock": 1, "max_time": 45, "by_player": false, "designers": [90, 91], "artists": [82], "publishers": [17, 45], "playing_mode": [4], "language": [], "tag": [], "mechanism": [], "topic": [12]}}, {"model": "ludorecherche.game", "pk": 71, "fields": {"name": "Ivanhoë", "english_name": "Ivanhoë", "player_min": 3, "player_max": 6, "playing_time": "45 min", "created_at": "2021-04-13T13:49:54.221Z", "difficulty": 1, "picture": "pic44101.jpg", "external_image": "", "thumb_image": "", "bgg_link": "https://boardgamegeek.com/boardgame/3389/castle-lords", "age": 7, "buying_price": null, "stock": 1, "max_time": 45, "by_player": false, "designers": [92], "artists": [83], "publishers": [46], "playing_mode": [4], "language": [], "tag": [], "mechanism": [], "topic": [12]}}, {"model": "ludorecherche.game", "pk": 72, "fields": {"name": "King Of Tokyo", "english_name": "King Of Tokyo", "player_min": 2, "player_max": 6, "playing_time": "30 min", "created_at": "2021-04-13T13:52:31.220Z", "difficulty": 1, "picture": "pic3043734.jpg", "external_image": "", "thumb_image": "", "bgg_link": "https://boardgamegeek.com/boardgame/70323/king-tokyo", "age": 8, "buying_price": null, "stock": 1, "max_time": 30, "by_player": false, "designers": [93], "artists": [84, 85, 86], "publishers": [2], "playing_mode": [4], "language": [], "tag": [], "mechanism": [], "topic": []}}, {"model": "ludorecherche.game", "pk": 73, "fields": {"name": "Loony Quest", "english_name": "Loony Quest", "player_min": 2, "player_max": 5, "playing_time": "20 à 30 min", "created_at": "2021-04-13T13:56:10.051Z", "difficulty": 1, "picture": "pic3043308.jpg", "external_image": "", "thumb_image": "", "bgg_link": "https://boardgamegeek.com/boardgame/136991/loony-quest", "age": 8, "buying_price": null, "stock": 1, "max_time": 30, "by_player": false, "designers": [88, 87], "artists": [58, 87], "publishers": [27], "playing_mode": [4], "language": [], "tag": [], "mechanism": [36], "topic": []}}, {"model": "ludorecherche.game", "pk": 74, "fields": {"name": "Cahoots", "english_name": "Cahoots", "player_min": 1, "player_max": 4, "playing_time": "20 min", "created_at": "2021-04-13T14:01:16.261Z", "difficulty": 1, "picture": "pic3989425.jpg", "external_image": "", "thumb_image": "", "bgg_link": "https://boardgamegeek.com/boardgame/246761/cahoots", "age": 10, "buying_price": null, "stock": 1, "max_time": 20, "by_player": false, "designers": [94], "artists": [88, 89], "publishers": [47], "playing_mode": [3], "language": [], "tag": [], "mechanism": [], "topic": []}}, {"model": "ludorecherche.game", "pk": 75, "fields": {"name": "HARRY Potter Une année à Poudlard", "english_name": "Harry Potter: A Year at Hogwarts", "player_min": 1, "player_max": 8, "playing_time": "20 à 45 min", "created_at": "2021-04-13T14:04:42.763Z", "difficulty": 1, "picture": "pic5074351.jpg", "external_image": "", "thumb_image": "", "bgg_link": "https://boardgamegeek.com/boardgame/263189/harry-potter-year-hogwarts", "age": 7, "buying_price": null, "stock": 1, "max_time": 45, "by_player": false, "designers": [95], "artists": [], "publishers": [48], "playing_mode": [3, 4], "language": [], "tag": [], "mechanism": [25], "topic": [11, 21]}}, {"model": "ludorecherche.game", "pk": 76, "fields": {"name": "Wizards Wanted", "english_name": "Wizards Wanted", "player_min": 2, "player_max": 4, "playing_time": "60 min", "created_at": "2021-04-13T14:07:06.094Z", "difficulty": 1, "picture": "pic3329975.jpg", "external_image": "", "thumb_image": "", "bgg_link": "https://boardgamegeek.com/boardgame/217531/wizards-wanted", "age": 10, "buying_price": null, "stock": 1, "max_time": 60, "by_player": false, "designers": [96], "artists": [90], "publishers": [35], "playing_mode": [4], "language": [], "tag": [], "mechanism": [25], "topic": [21]}}, {"model": "ludorecherche.game", "pk": 77, "fields": {"name": "Tokaido", "english_name": "Tokaido", "player_min": 2, "player_max": 5, "playing_time": "45 min", "created_at": "2021-04-13T14:10:23.052Z", "difficulty": 1, "picture": "pic3747956.png", "external_image": "", "thumb_image": "", "bgg_link": "https://boardgamegeek.com/boardgame/123540/tokaido", "age": 8, "buying_price": null, "stock": 1, "max_time": 45, "by_player": false, "designers": [53], "artists": [91], "publishers": [49], "playing_mode": [4], "language": [], "tag": [], "mechanism": [25], "topic": [13, 18]}}, {"model": "ludorecherche.game", "pk": 78, "fields": {"name": "Jamaica", "english_name": "Jamaica", "player_min": 2, "player_max": 6, "playing_time": "30 à 60 min", "created_at": "2021-04-13T14:13:39.253Z", "difficulty": 1, "picture": "pic1502119.jpg", "external_image": "", "thumb_image": "", "bgg_link": "https://boardgamegeek.com/boardgame/28023/jamaica", "age": 8, "buying_price": null, "stock": 1, "max_time": 60, "by_player": false, "designers": [97, 52, 69], "artists": [87], "publishers": [50], "playing_mode": [4], "language": [], "tag": [], "mechanism": [38], "topic": [27]}}, {"model": "ludorecherche.game", "pk": 79, "fields": {"name": "Harry Potter: House Cup Competition", "english_name": "Harry Potter: House Cup Competition", "player_min": 2, "player_max": 4, "playing_time": "75", "created_at": "2021-04-13T14:17:13.365Z", "difficulty": 1, "picture": "pic5254783.jpg", "external_image": "", "thumb_image": "", "bgg_link": "https://boardgamegeek.com/boardgame/303006/harry-potter-house-cup-competition", "age": 11, "buying_price": null, "stock": 1, "max_time": 75, "by_player": false, "designers": [98, 99], "artists": [92], "publishers": [51], "playing_mode": [4], "language": [], "tag": [], "mechanism": [39], "topic": [11, 21]}}, {"model": "ludorecherche.game", "pk": 80, "fields": {"name": "Harry Potter: Death Eaters Rising", "english_name": "Harry Potter: Death Eaters Rising", "player_min": 2, "player_max": 4, "playing_time": "45 à 90 min", "created_at": "2021-04-13T14:20:14.978Z", "difficulty": 1, "picture": "pic4812850.jpg", "external_image": "", "thumb_image": "", "bgg_link": "https://boardgamegeek.com/boardgame/283211/harry-potter-death-eaters-rising", "age": 11, "buying_price": null, "stock": 1, "max_time": 80, "by_player": false, "designers": [100, 101], "artists": [], "publishers": [51], "playing_mode": [3], "language": [], "tag": [], "mechanism": [], "topic": [11, 21]}}, {"model": "ludorecherche.game", "pk": 81, "fields": {"name": "Fantastic Beasts: Perilous pursuit", "english_name": "Fantastic Beasts: Perilous pursuit", "player_min": 2, "player_max": 4, "playing_time": "45 à 60 min", "created_at": "2021-04-13T14:22:49.323Z", "difficulty": 1, "picture": "pic4163373.jpg", "external_image": "", "thumb_image": "", "bgg_link": "https://boardgamegeek.com/boardgame/254193/fantastic-beasts-perilous-pursuit", "age": 8, "buying_price": null, "stock": 1, "max_time": 60, "by_player": false, "designers": [98], "artists": [], "publishers": [51], "playing_mode": [3], "language": [], "tag": [], "mechanism": [], "topic": [11, 21]}}, {"model": "ludorecherche.game", "pk": 82, "fields": {"name": "Harry Potter: Hogwarts Battle", "english_name": "Harry Potter: Hogwarts Battle", "player_min": 2, "player_max": 4, "playing_time": "30 à 60 min", "created_at": "2021-05-10T12:41:03.103Z", "difficulty": 1, "picture": "pic3518231.jpg", "external_image": "", "thumb_image": "", "bgg_link": "https://boardgamegeek.com/boardgame/199042/harry-potter-hogwarts-battle", "age": 11, "buying_price": null, "stock": 1, "max_time": 60, "by_player": false, "designers": [98, 100], "artists": [93], "publishers": [51], "playing_mode": [3], "language": [2], "tag": [], "mechanism": [26, 28], "topic": [11, 21]}}, {"model": "ludorecherche.game", "pk": 83, "fields": {"name": "Sub Terra", "english_name": "Sub Terra", "player_min": 1, "player_max": 6, "playing_time": "60 min", "created_at": "2021-05-10T12:50:38.983Z", "difficulty": 1, "picture": "pic3904427.png", "external_image": "", "thumb_image": "", "bgg_link": "https://boardgamegeek.com/boardgame/204472/sub-terra/credits", "age": 10, "buying_price": null, "stock": 1, "max_time": 60, "by_player": false, "designers": [102], "artists": [95, 96], "publishers": [52], "playing_mode": [3], "language": [], "tag": [], "mechanism": [28, 37], "topic": [33]}}, {"model": "ludorecherche.game", "pk": 84, "fields": {"name": "Le règne de CTHULHU", "english_name": "Pandemic: Reign of Cthulhu", "player_min": 2, "player_max": 4, "playing_time": "40 min", "created_at": "2021-05-10T12:57:09.130Z", "difficulty": 1, "picture": "pic2866737.png", "external_image": "", "thumb_image": "", "bgg_link": "https://boardgamegeek.com/boardgame/192153/pandemic-reign-cthulhu", "age": 14, "buying_price": null, "stock": 1, "max_time": 40, "by_player": false, "designers": [84, 103], "artists": [97, 98, 99, 100, 101], "publishers": [53], "playing_mode": [3], "language": [], "tag": [], "mechanism": [28], "topic": [34]}}, {"model": "ludorecherche.game", "pk": 85, "fields": {"name": "Mysterium", "english_name": "Mysterium", "player_min": 2, "player_max": 7, "playing_time": "42", "created_at": "2021-05-10T13:03:48.947Z", "difficulty": 1, "picture": "pic2601683.jpg", "external_image": "", "thumb_image": "", "bgg_link": "https://boardgamegeek.com/boardgame/181304/mysterium", "age": 10, "buying_price": null, "stock": 1, "max_time": 42, "by_player": false, "designers": [104, 105], "artists": [102, 103, 104, 105], "publishers": [27], "playing_mode": [3], "language": [], "tag": [], "mechanism": [34], "topic": [35]}}, {"model": "ludorecherche.game", "pk": 86, "fields": {"name": "T.I.M.E Stories", "english_name": "T.I.M.E Stories", "player_min": 2, "player_max": 4, "playing_time": "90 min", "created_at": "2021-05-10T13:07:14.299Z", "difficulty": 1, "picture": "pic2617634.png", "external_image": "", "thumb_image": "", "bgg_link": "https://boardgamegeek.com/boardgame/146508/time-stories/ratings", "age": 12, "buying_price": null, "stock": 1, "max_time": 90, "by_player": false, "designers": [106, 107], "artists": [106, 107, 108], "publishers": [34], "playing_mode": [3], "language": [], "tag": [], "mechanism": [34], "topic": [36]}}, {"model": "ludorecherche.game", "pk": 87, "fields": {"name": "Détective: Un Jeu D'enquête Moderne", "english_name": "Detective: A Modern Crime Board Game", "player_min": 1, "player_max": 5, "playing_time": "120 à 180 min", "created_at": "2021-05-10T13:11:49.520Z", "difficulty": 1, "picture": "pic5756205.jpg", "external_image": "", "thumb_image": "", "bgg_link": "https://boardgamegeek.com/boardgame/223321/detective-modern-crime-board-game", "age": 16, "buying_price": null, "stock": 1, "max_time": 180, "by_player": false, "designers": [108, 109, 110], "artists": [110, 111, 109], "publishers": [54], "playing_mode": [3], "language": [], "tag": [], "mechanism": [34], "topic": [37]}}, {"model": "ludorecherche.game", "pk": 88, "fields": {"name": "Sherlock Holmes Consulting Detective: Jack the Ripper & West End Adventures", "english_name": "Sherlock Holmes Consulting Detective: Jack the Ripper & West End Adventures", "player_min": 1, "player_max": 8, "playing_time": "60 à 120 min", "created_at": "2021-05-10T13:15:34.830Z", "difficulty": 1, "picture": "pic3238299.jpg", "external_image": "", "thumb_image": "", "bgg_link": "https://boardgamegeek.com/boardgame/204305/sherlock-holmes-consulting-detective-jack-ripper-w", "age": 10, "buying_price": null, "stock": 1, "max_time": 120, "by_player": false, "designers": [112, 113, 111], "artists": [66, 106, 112, 113, 114], "publishers": [1], "playing_mode": [3], "language": [], "tag": [], "mechanism": [34], "topic": [37]}}, {"model": "ludorecherche.game", "pk": 91, "fields": {"name": "6 Nimmt!", "english_name": "6 Nimmt!", "player_min": 2, "player_max": 10, "playing_time": null, "created_at": "2021-05-11T10:19:05.985Z", "difficulty": null, "picture": null, "external_image": "https://s3-us-west-1.amazonaws.com/5cc.images/games/uploaded/1559254847938-61Aw2BygsiZL.jpg", "thumb_image": "https://s3-us-west-1.amazonaws.com/5cc.images/games/uploaded/1559254847938-61Aw2BygsiZL.jpg", "bgg_link": "https://www.boardgameatlas.com/game/gudsN2axFj/mayfair-games-6-nimmt", "age": 8, "buying_price": null, "stock": 1, "max_time": 45, "by_player": false, "designers": [117], "artists": [131, 133, 134, 135, 136, 137], "publishers": [56], "playing_mode": [], "language": [], "tag": [], "mechanism": [], "topic": []}}, {"model": "ludorecherche.addon", "pk": 2, "fields": {"name": "Minivilles: 5-6 Extension", "english_name": "Minivilles: 5-6 Extension", "player_min": 2, "player_max": 6, "playing_time": "30 min", "created_at": "2021-04-07T13:47:14.960Z", "difficulty": 1, "picture": "minivillesext56.jpg", "external_image": "", "thumb_image": "", "bgg_link": "https://boardgamegeek.com/boardgame/185279/minivilles-5-6-extension", "age": null, "buying_price": null, "stock": 1, "max_time": null, "game": 7, "designers": [6], "artists": [13], "publishers": [1, 5], "playing_mode": [4], "language": []}}, {"model": "ludorecherche.addon", "pk": 3, "fields": {"name": "Pathfinder le jeu de cartes: skull and shackles boite d'extensions", "english_name": "Pathfinder le jeu de cartes: skull and shackles boite d'extensions", "player_min": 1, "player_max": 6, "playing_time": "90 min", "created_at": "2021-04-08T11:58:14.695Z", "difficulty": 2, "picture": "pf_ljc_sands_be.jpg", "external_image": "", "thumb_image": "", "bgg_link": "https://www.trictrac.net/jeu-de-societe/pathfinder-le-jeu-de-cartes-skull-shackles-boite-d-extensions", "age": null, "buying_price": null, "stock": 1, "max_time": null, "game": 10, "designers": [7], "artists": [15], "publishers": [6, 7], "playing_mode": [1, 3], "language": []}}, {"model": "ludorecherche.addon", "pk": 4, "fields": {"name": "Pathfinder le jeu de cartes: l'éveil des seigneurs des runes boite d'extension", "english_name": "Pathfinder le jeu de cartes: l'éveil des seigneurs des runes boite d'extension", "player_min": 1, "player_max": 6, "playing_time": "90 min", "created_at": "2021-04-08T12:15:19.227Z", "difficulty": 2, "picture": "pf_ljdc_edsdr_be.jpg", "external_image": "", "thumb_image": "", "bgg_link": "https://www.trictrac.net/jeu-de-societe/pathfinder-jeu-de-cartes-l-eveil-des-seigneurs-des-runes-jeu-de-base-1", "age": null, "buying_price": null, "stock": 1, "max_time": null, "game": 11, "designers": [7], "artists": [16, 17], "publishers": [6, 7], "playing_mode": [1, 3], "language": []}}, {"model": "ludorecherche.addon", "pk": 5, "fields": {"name": "Pathfinder adventure card game: mummy's mask extension set", "english_name": "Pathfinder adventure card game: mummy's mask extension set", "player_min": 1, "player_max": 6, "playing_time": "90 min", "created_at": "2021-04-09T15:47:26.415Z", "difficulty": 2, "picture": "pfacgmm.jpg", "external_image": "", "thumb_image": "", "bgg_link": "https://boardgamegeek.com/boardgame/187687/pathfinder-adventure-card-game-mummys-mask-base-se", "age": 14, "buying_price": null, "stock": 1, "max_time": null, "game": 13, "designers": [7], "artists": [18], "publishers": [6], "playing_mode": [1, 3], "language": []}}, {"model": "ludorecherche.addon", "pk": 6, "fields": {"name": "Pathfinder adventure card game: curse of the crimson throne", "english_name": "Pathfinder adventure card game: curse of the crimson throne", "player_min": 1, "player_max": 6, "playing_time": "90 min", "created_at": "2021-04-09T15:56:32.693Z", "difficulty": 2, "picture": "pfacgcotct.jpg", "external_image": "", "thumb_image": "", "bgg_link": "https://boardgamegeek.com/boardgame/271061/pathfinder-adventure-card-game-curse-crimson-thron", "age": 13, "buying_price": null, "stock": 1, "max_time": null, "game": 14, "designers": [7, 8, 9, 10, 11], "artists": [19], "publishers": [6], "playing_mode": [1, 3], "language": []}}, {"model": "ludorecherche.addon", "pk": 7, "fields": {"name": "Legendary: a Marvel Deck Building Game - Civil War", "english_name": "Legendary: a Marvel Deck Building Game - Civil War", "player_min": 1, "player_max": 5, "playing_time": "30 à 60 min", "created_at": "2021-04-10T13:51:39.098Z", "difficulty": 2, "picture": "legendary_civil_war.jpg", "external_image": "", "thumb_image": "", "bgg_link": "https://boardgamegeek.com/boardgame/193513/legendary-marvel-deck-building-game-civil-war", "age": 14, "buying_price": null, "stock": 1, "max_time": null, "game": 17, "designers": [18], "artists": [23, 24], "publishers": [14], "playing_mode": [1, 2], "language": []}}, {"model": "ludorecherche.addon", "pk": 8, "fields": {"name": "Sentinels Of The Multiverse: OblivAeon", "english_name": "Sentinels Of The Multiverse: OblivAeon", "player_min": 2, "player_max": 5, "playing_time": "30 à 60 min", "created_at": "2021-04-10T13:59:54.563Z", "difficulty": 2, "picture": "somobli.jpg", "external_image": "", "thumb_image": "", "bgg_link": "https://boardgamegeek.com/boardgameexpansion/192926/sentinels-multiverse-oblivaeon", "age": 13, "buying_price": null, "stock": 1, "max_time": null, "game": 18, "designers": [19, 20, 21], "artists": [25], "publishers": [15], "playing_mode": [3], "language": []}}, {"model": "ludorecherche.addon", "pk": 9, "fields": {"name": "Sentinels Of The Multiverse: Vengeance", "english_name": "Sentinels Of The Multiverse: Vengeance", "player_min": 2, "player_max": 5, "playing_time": "45 min", "created_at": "2021-04-10T16:02:34.828Z", "difficulty": 2, "picture": "somv.jpg", "external_image": "", "thumb_image": "", "bgg_link": "https://boardgamegeek.com/boardgame/134398/sentinels-multiverse-vengeance", "age": 13, "buying_price": null, "stock": 1, "max_time": null, "game": 18, "designers": [19, 20, 21], "artists": [25], "publishers": [15], "playing_mode": [3], "language": []}}, {"model": "ludorecherche.addon", "pk": 10, "fields": {"name": "Sentinels Of The Multiverse: Shattered Timelines", "english_name": "Sentinels Of The Multiverse: Shattered Timelines", "player_min": 2, "player_max": 5, "playing_time": "60 min", "created_at": "2021-04-10T16:05:28.008Z", "difficulty": 2, "picture": "somst.jpg", "external_image": "", "thumb_image": "", "bgg_link": "https://boardgamegeek.com/boardgame/132959/sentinels-multiverse-shattered-timelines", "age": 13, "buying_price": null, "stock": 1, "max_time": null, "game": 18, "designers": [19, 20, 21, 22, 23], "artists": [25], "publishers": [15], "playing_mode": [3], "language": []}}, {"model": "ludorecherche.addon", "pk": 11, "fields": {"name": "Sentinels Of The Multiverse: Rook City", "english_name": "Sentinels Of The Multiverse: Rook City", "player_min": 2, "player_max": 5, "playing_time": "30 min", "created_at": "2021-04-10T16:07:45.994Z", "difficulty": 2, "picture": "somrc.jpg", "external_image": "", "thumb_image": "", "bgg_link": "https://boardgamegeek.com/boardgame/110242/sentinels-multiverse-rook-city", "age": 13, "buying_price": null, "stock": 1, "max_time": null, "game": 18, "designers": [19, 20, 21], "artists": [25], "publishers": [15], "playing_mode": [3], "language": []}}, {"model": "ludorecherche.addon", "pk": 12, "fields": {"name": "Sentinels Of The Multiverse: Wrath of the Cosmos", "english_name": "Sentinels Of The Multiverse: Wrath of the Cosmos", "player_min": 2, "player_max": 5, "playing_time": "60 min", "created_at": "2021-04-10T16:09:41.921Z", "difficulty": 2, "picture": "somwotc.jpg", "external_image": "", "thumb_image": "", "bgg_link": "https://boardgamegeek.com/boardgame/154828/sentinels-multiverse-wrath-cosmos", "age": 13, "buying_price": null, "stock": 1, "max_time": null, "game": 18, "designers": [19, 20, 21], "artists": [25], "publishers": [15], "playing_mode": [3], "language": []}}, {"model": "ludorecherche.addon", "pk": 13, "fields": {"name": "Sentinels Of The Multiverse:infernal relics", "english_name": "Sentinels Of The Multiverse:infernal relics", "player_min": 2, "player_max": 5, "playing_time": "30 min", "created_at": "2021-04-10T16:11:52.602Z", "difficulty": 2, "picture": "somir.jpg", "external_image": "", "thumb_image": "", "bgg_link": "https://boardgamegeek.com/boardgame/123726/sentinels-multiverse-infernal-relics", "age": 13, "buying_price": null, "stock": 1, "max_time": null, "game": 18, "designers": [19, 20, 21, 24], "artists": [25], "publishers": [15], "playing_mode": [3], "language": []}}, {"model": "ludorecherche.addon", "pk": 14, "fields": {"name": "Sentinels Of The Multiverse:Villain of the Multiverse", "english_name": "Sentinels Of The Multiverse:Villain of the Multiverse", "player_min": 2, "player_max": 5, "playing_time": "60 min", "created_at": "2021-04-10T16:13:55.626Z", "difficulty": 2, "picture": "somvom.jpg", "external_image": "", "thumb_image": "", "bgg_link": "https://boardgamegeek.com/boardgame/171965/sentinels-multiverse-villains-multiverse", "age": 13, "buying_price": null, "stock": 1, "max_time": null, "game": 18, "designers": [19, 20, 21], "artists": [25], "publishers": [15], "playing_mode": [3], "language": []}}, {"model": "ludorecherche.addon", "pk": 15, "fields": {"name": "Sentinel Tactics: Uprising", "english_name": "Sentinel Tactics: Uprising", "player_min": 2, "player_max": 8, "playing_time": "30 à 60 min", "created_at": "2021-04-11T09:26:54.790Z", "difficulty": 2, "picture": "stu.png", "external_image": "", "thumb_image": "", "bgg_link": "https://boardgamegeek.com/boardgame/158326/sentinel-tactics-uprising", "age": 13, "buying_price": null, "stock": 1, "max_time": null, "game": 31, "designers": [19, 43, 44], "artists": [25], "publishers": [15], "playing_mode": [2, 4], "language": []}}, {"model": "ludorecherche.addon", "pk": 16, "fields": {"name": "Descent: l'autel du désespoir", "english_name": "Descent: l'autel du désespoir", "player_min": 2, "player_max": 5, "playing_time": "120 à 240 min", "created_at": "2021-04-11T09:40:51.623Z", "difficulty": 2, "picture": "pic198780.jpg", "external_image": "", "thumb_image": "", "bgg_link": "https://boardgamegeek.com/boardgame/24976/descent-altar-despair", "age": 12, "buying_price": null, "stock": 1, "max_time": null, "game": 33, "designers": [46], "artists": [44, 45, 42, 46], "publishers": [11, 12], "playing_mode": [5], "language": []}}, {"model": "ludorecherche.addon", "pk": 17, "fields": {"name": "Descent: héros de légende", "english_name": "Descent: héros de légende", "player_min": 2, "player_max": 5, "playing_time": "120 à 240 min", "created_at": "2021-04-11T09:43:35.256Z", "difficulty": 2, "picture": "pic316503.jpg", "external_image": "", "thumb_image": "", "bgg_link": "https://boardgamegeek.com/boardgame/29298/descent-road-legend", "age": 12, "buying_price": null, "stock": 1, "max_time": null, "game": 33, "designers": [46, 47], "artists": [44, 45, 42], "publishers": [11, 12], "playing_mode": [5], "language": []}}, {"model": "ludorecherche.addon", "pk": 18, "fields": {"name": "Loony Quest: The Lost City", "english_name": "Loony Quest: The Lost City", "player_min": 2, "player_max": 5, "playing_time": "20 min", "created_at": "2021-04-13T13:58:45.133Z", "difficulty": 1, "picture": "pic3564166.jpg", "external_image": "", "thumb_image": "", "bgg_link": "https://boardgamegeek.com/boardgame/191302/loony-quest-lost-city", "age": 8, "buying_price": null, "stock": 1, "max_time": null, "game": 73, "designers": [87, 88], "artists": [58, 87], "publishers": [27], "playing_mode": [4], "language": []}}, {"model": "ludorecherche.addon", "pk": 19, "fields": {"name": "Harry Potter: Hogwarts Battle – The Monster Box of Monsters Expansion", "english_name": "Harry Potter: Hogwarts Battle – The Monster Box of Monsters Expansion", "player_min": 2, "player_max": 4, "playing_time": "30 à 60 min", "created_at": "2021-05-10T12:43:21.275Z", "difficulty": 1, "picture": "pic3626222.jpg", "external_image": "", "thumb_image": "", "bgg_link": "https://boardgamegeek.com/boardgame/223494/harry-potter-hogwarts-battle-monster-box-monsters", "age": 11, "buying_price": null, "stock": 1, "max_time": null, "game": 82, "designers": [98, 100], "artists": [94], "publishers": [51], "playing_mode": [3], "language": []}}, {"model": "ludorecherche.addon", "pk": 20, "fields": {"name": "Harry Potter: Hogwarts Battle – The Charms and Potions Expansion", "english_name": "Harry Potter: Hogwarts Battle – The Charms and Potions Expansion", "player_min": 2, "player_max": 5, "playing_time": "30 à 60 min", "created_at": "2021-05-10T12:46:26.994Z", "difficulty": 1, "picture": "pic5674009.jpg", "external_image": "", "thumb_image": "", "bgg_link": "https://boardgamegeek.com/boardgame/304297/harry-potter-hogwarts-battle-charms-and-potions-ex", "age": 11, "buying_price": null, "stock": 1, "max_time": null, "game": 82, "designers": [98, 100], "artists": [94], "publishers": [51], "playing_mode": [3], "language": []}}, {"model": "ludorecherche.multiaddon", "pk": 1, "fields": {"name": "Pathfinder le jeu de cartes:boites des decks de classe", "english_name": "Pathfinder le jeu de cartes:boites des decks de classe", "player_min": 1, "player_max": 4, "playing_time": "90 min", "created_at": "2021-04-08T14:21:23.494Z", "difficulty": 2, "picture": "pf_ljdc_bdc.jpg", "external_image": "", "thumb_image": "", "bgg_link": "https://www.trictrac.net/jeu-de-societe/pathfinder-le-jeu-de-cartes-boite-de-decks-de-classe", "age": null, "buying_price": null, "stock": 1, "max_time": null, "designers": [7], "artists": [15], "publishers": [6, 7], "playing_mode": [1, 3], "language": [], "games": [10, 11, 13, 14]}}, {"model": "ludorecherche.multiaddon", "pk": 2, "fields": {"name": "Pathfinder adventure card game: class deck - witch", "english_name": "Pathfinder adventure card game: class deck - witch", "player_min": 1, "player_max": 4, "playing_time": "90 min", "created_at": "2021-04-09T16:01:06.182Z", "difficulty": 2, "picture": "pfacgcdw.jpg", "external_image": "", "thumb_image": "", "bgg_link": "https://boardgamegeek.com/boardgameexpansion/193385/pathfinder-adventure-card-game-class-deck-witch", "age": 14, "buying_price": null, "stock": 1, "max_time": null, "designers": [7, 8, 9, 10, 11, 12, 13], "artists": [], "publishers": [6], "playing_mode": [1, 3], "language": [], "games": [10, 11, 13, 14]}}, {"model": "ludorecherche.theme", "pk": 1, "fields": {"name": "Pathfinder", "font_name": "MedievalSharp, cursive", "font_link": "https://fonts.googleapis.com/css2?family=MedievalSharp&display=swap", "background_image": "back_pathfinder.jpg", "image_404": "pathfinder_404.jpg", "title_404": "Il n'y a rien ici", "text_404": "Tentez une autre quête", "image_500": "pathfinder_500.jpg", "title_500": "Un évènement mystérieux a interrompu le déroulement de votre quête", "text_500": "Seule votre persévérance permettra l'accomplissement de votre tâche", "list_all_title": "La salle des Trésors", "index_title": "Bienvenue!", "index_text": "Vos derniers trésors:", "advanced_search_title": "Notre boule de cristal est à votre service", "advanced_search_button_text": "Lancer la divination", "query_name": "la quête", "empty_query_text": "Ce trésor est bien vide...", "empty_query_image": "pathfinder_empty_request.jpg", "color_main": "#5F939A", "color_2nd": "#D8AC9C", "color_3rd": "#EAC8AF", "color_4th": "#1B2021", "color_back": "#5F939A"}}, {"model": "ludorecherche.theme", "pk": 2, "fields": {"name": "Marvel", "font_name": "Karantina,cursive", "font_link": "https://fonts.googleapis.com/css2?family=Karantina:wght@300&display=swap", "background_image": "marvel_background.jpg", "image_404": "marvel_404.jpg", "title_404": "Personne ici", "text_404": "Retourner chasser le crime ailleurs.", "image_500": "marvel_500.jpg", "title_500": "Le cérébro à un problème", "text_500": "Attendez un moment pendant que nous le réparons.", "list_all_title": "L'arsenal", "index_title": "Welcome Avenger!", "index_text": "Voici nos dernières découvertes:", "advanced_search_title": "Le crime ne dort jamais, que recherchez vous?", "advanced_search_button_text": "Utiliser vos super-sens", "query_name": "la patrouille", "empty_query_text": "Cette ville est bien vide...", "empty_query_image": "marvel_empty_street.jpg", "color_main": "#D8E3E7", "color_2nd": "#51C4D3", "color_3rd": "#126E82", "color_4th": "#132C33", "color_back": "#D8E3E7"}}, {"model": "ludorecherche.background", "pk": 1, "fields": {"name": "Interface", "theme": 1}}]